SAMPLE_N,5hmC_ID,5mC_ID
SAMPLE_0001,lung-MSPA0001,lung-M66-MSPA0001
SAMPLE_0002,lung-MSPA0002,lung-M52-MSPA0002
SAMPLE_0003,lung-MSPA0003,lung-M76-MSPA0003
SAMPLE_0004,lung-MSPA0004,lung-M110-MSPA0004
SAMPLE_0005,lung-MSPA0006,lung-M72-MSPA0006
SAMPLE_0006,lung-MSPA0008,lung-M75-MSPA0008
SAMPLE_0007,lung-MSPA0009,lung-M66-MSPA0009
SAMPLE_0008,lung-MSPA0011,lung-M68-MSPA0011
SAMPLE_0009,lung-MSPA0012,lung-M69-MSPA0012
SAMPLE_0010,lung-MSPA0014,lung-M161-MSPA0014
SAMPLE_0011,lung-MSPA0015,lung-M158-MSPA0015
SAMPLE_0012,lung-MSPA0016,lung-M17-MSPA0016
SAMPLE_0013,lung-MSPA0017,lung-M161-MSPA0017
SAMPLE_0014,lung-MSPA0018,lung-M71-MSPA0018
SAMPLE_0015,lung-MSPA0019,lung-M76-MSPA0019
SAMPLE_0016,lung-MSPA0020,lung-M162-MSPA0020
SAMPLE_0017,lung-MSPA0024,lung-M47-MSPA0024
SAMPLE_0018,lung-MSPA0026,lung-M213-MSPA0026
SAMPLE_0019,lung-MSPA0027,lung-M74-MSPA0027
SAMPLE_0020,lung-MSPA0029,lung-M161-MSPA0029
SAMPLE_0021,lung-MSPA0030,lung-M161-MSPA0030
SAMPLE_0022,lung-MSPA0031,lung-M161-MSPA0031
SAMPLE_0023,lung-MSPA0032,lung-M158-MSPA0032
SAMPLE_0024,lung-MSPA0034,lung-M160-MSPA0034
SAMPLE_0025,lung-MSPA0035,lung-M163-MSPA0035
SAMPLE_0026,lung-MSPA0036,lung-M161-MSPA0036
SAMPLE_0027,lung-MSPA0037,lung-M70-MSPA0037
SAMPLE_0028,lung-MSPA0038,lung-M48-MSPA0038
SAMPLE_0029,lung-MSPA0039,lung-M163-MSPA0039
SAMPLE_0030,lung-MSPA0040,lung-M161-MSPA0040
SAMPLE_0031,lung-MSPA0041,lung-M67-MSPA0041
SAMPLE_0032,lung-MSPA0042,lung-M163-MSPA0042
SAMPLE_0033,lung-MSPA0043,lung-M72-MSPA0043
SAMPLE_0034,lung-MSPA0044,lung-M163-MSPA0044
SAMPLE_0035,lung-MSPA0045,lung-M161-MSPA0045
SAMPLE_0036,lung-MSPA0046,lung-M158-MSPA0046
SAMPLE_0037,lung-MSPA0048,lung-M162-MSPA0048
SAMPLE_0038,lung-MSPA0049,lung-M163-MSPA0049
SAMPLE_0039,lung-MSPA0051,lung-M163-MSPA0051
SAMPLE_0040,lung-MSPA0054,lung-M47-MSPA0054
SAMPLE_0041,lung-MSPA0055,lung-M236-MSPA0055
SAMPLE_0042,lung-MSPA0056,lung-M73-MSPA0056
SAMPLE_0043,lung-MSPA0059,lung-M48-MSPA0059
SAMPLE_0044,lung-MSPA0061,lung-M237-MSPA0061
SAMPLE_0045,lung-MSPA0063,lung-M75-MSPA0063
SAMPLE_0046,lung-MSPA0064,lung-M51-MSPA0064
SAMPLE_0047,lung-MSPA0065,lung-M47-MSPA0065
SAMPLE_0048,lung-MSPA0066,lung-M47-MSPA0066
SAMPLE_0049,lung-MSPA0067,lung-M47-MSPA0067
SAMPLE_0050,lung-MSPA0068,lung-M49-MSPA0068
SAMPLE_0051,lung-MSPA0069,lung-M169-MSPA0069
SAMPLE_0052,lung-MSPA0070,lung-M47-MSPA0070
SAMPLE_0053,lung-MSPA0072,lung-M21-MSPA0072
SAMPLE_0054,lung-MSPA0074,lung-M72-MSPA0074
SAMPLE_0055,lung-MSPA0075,lung-M66-MSPA0075
SAMPLE_0056,lung-MSPA0076,lung-M20-MSPA0076
SAMPLE_0057,lung-MSPA0077,lung-M236-MSPA0077
SAMPLE_0058,lung-MSPA0078,lung-M53-MSPA0078
SAMPLE_0059,lung-MSPA0079,lung-M162-MSPA0079
SAMPLE_0060,lung-MSPA0081,lung-M163-MSPA0081
SAMPLE_0061,lung-MSPA0085,lung-M67-MSPA0085
SAMPLE_0062,lung-MSPA0086,lung-M72-MSPA0086
SAMPLE_0063,lung-MSPA0087,lung-M49-MSPA0087
SAMPLE_0064,lung-MSPA0089,lung-M72-MSPA0089
SAMPLE_0065,lung-MSPA0090,lung-M20-MSPA0090
SAMPLE_0066,lung-MSPA0091,lung-M68-MSPA0091
SAMPLE_0067,lung-MSPA0092,lung-M51-MSPA0092
SAMPLE_0068,lung-MSPA0093,lung-M53-MSPA0093
SAMPLE_0069,lung-MSPA0095,lung-M52-MSPA0095
SAMPLE_0070,lung-MSPA0096,lung-M71-MSPA0096
SAMPLE_0071,lung-MSPA0097,lung-M163-MSPA0097
SAMPLE_0072,lung-MSPA0098,lung-M72-MSPA0098
SAMPLE_0073,lung-MSPA0099,lung-M110-MSPA0099
SAMPLE_0074,lung-MSPA0100,lung-M51-MSPA0100
SAMPLE_0075,lung-MSPA0103,lung-M66-MSPA0103
SAMPLE_0076,lung-P01LA003,lung-M164-P01LA003
SAMPLE_0077,lung-P01LA004,lung-M77-P01LA004
SAMPLE_0078,lung-P01LA005,lung-M49-P01LA005
SAMPLE_0079,lung-P01LA009,lung-M76-P01LA009
SAMPLE_0080,lung-P01LA010,lung-M236-P01LA010
SAMPLE_0081,lung-P01LA013,lung-M53-P01LA013
SAMPLE_0082,lung-P01LA015,lung-M224-P01LA015
SAMPLE_0083,lung-P01LA016,lung-M51-P01LA016
SAMPLE_0084,lung-P01LA017,lung-M75-P01LA017
SAMPLE_0085,lung-P01LA019,lung-M76-P01LA019
SAMPLE_0086,lung-P01LA020,lung-M237-P01LA020
SAMPLE_0087,lung-P01LA022,lung-M50-P01LA022
SAMPLE_0088,lung-P01LA023,lung-M67-P01LA023
SAMPLE_0089,lung-P01LA024,lung-M51-P01LA024
SAMPLE_0090,lung-P01LA025,lung-M51-P01LA025
SAMPLE_0091,lung-P01LA027,lung-M47-P01LA027
SAMPLE_0092,lung-P01LA030,lung-M54-P01LA030
SAMPLE_0093,lung-P01LA033,lung-M51-P01LA033
SAMPLE_0094,lung-P01LA035,lung-M76-P01LA035
SAMPLE_0095,lung-P01LA036,lung-M20-P01LA036
SAMPLE_0096,lung-P01LA037,lung-M73-P01LA037
SAMPLE_0097,lung-P01LA039,lung-M54-P01LA039
SAMPLE_0098,lung-P01LA041,lung-M53-P01LA041
SAMPLE_0099,lung-P01LA042,lung-M50-P01LA042
SAMPLE_0100,lung-P01LA043,lung-M50-P01LA043
SAMPLE_0101,lung-P01LA044,lung-M75-P01LA044
SAMPLE_0102,lung-P01LA046,lung-M76-P01LA046
SAMPLE_0103,lung-P01LA047,lung-M51-P01LA047
SAMPLE_0104,lung-P01LA048,lung-M51-P01LA048
SAMPLE_0105,lung-P01LA049,lung-M53-P01LA049
SAMPLE_0106,lung-P01LA050,lung-M76-P01LA050
SAMPLE_0107,lung-P01LA053,lung-M170-P01LA053
SAMPLE_0108,lung-P01LA054,lung-M25-P01LA054
SAMPLE_0109,lung-P01LA059,lung-M69-P01LA059
SAMPLE_0110,lung-P01LA062,lung-M165-P01LA062
SAMPLE_0111,lung-P01LA063,lung-M165-P01LA063
SAMPLE_0112,lung-P01LA064,lung-M55-P01LA064
SAMPLE_0113,lung-P01LA065,lung-M170-P01LA065
SAMPLE_0114,lung-P01LA067,lung-M164-P01LA067
SAMPLE_0115,lung-P01LA068,lung-M77-P01LA068
SAMPLE_0116,lung-P01LA070,lung-M26-P01LA070
SAMPLE_0117,lung-P01LA072,lung-M165-P01LA072
SAMPLE_0118,lung-P01LA073,lung-M165-P01LA073
SAMPLE_0119,lung-P01LA076,lung-M170-P01LA076
SAMPLE_0120,lung-P01LA078,lung-M74-P01LA078
SAMPLE_0121,lung-P01LA079,lung-M55-P01LA079
SAMPLE_0122,lung-P01LA080,lung-M68-P01LA080
SAMPLE_0123,lung-P01LA081,lung-M79-P01LA081
SAMPLE_0124,lung-P01LA085,lung-M78-P01LA085
SAMPLE_0125,lung-P01LA086,lung-M49-P01LA086
SAMPLE_0126,lung-P01LA088,lung-M47-P01LA088
SAMPLE_0127,lung-P01LA091,lung-M236-P01LA091
SAMPLE_0128,lung-P01LA092,lung-M165-P01LA092
SAMPLE_0129,lung-P01LA094,lung-M49-P01LA094
SAMPLE_0130,lung-P01LA095,lung-M72-P01LA095
SAMPLE_0131,lung-P01LA097,lung-M59-P01LA097
SAMPLE_0132,lung-P01LA100,lung-M56-P01LA100
SAMPLE_0133,lung-P01LA101,lung-M77-P01LA101
SAMPLE_0134,lung-P01LA104,lung-M58-P01LA104
SAMPLE_0135,lung-P01LA105,lung-M236-P01LA105
SAMPLE_0136,lung-P01LA107,lung-M73-P01LA107
SAMPLE_0137,lung-P01LA108,lung-M28-P01LA108
SAMPLE_0138,lung-P01LA109,lung-M49-P01LA109
SAMPLE_0139,lung-P01LA111,lung-M20-P01LA111
SAMPLE_0140,lung-P01LA112,lung-M71-P01LA112
SAMPLE_0141,lung-P01LA114,lung-M47-P01LA114
SAMPLE_0142,lung-P01LA115,lung-M48-P01LA115
SAMPLE_0143,lung-P01LA116,lung-M21-P01LA116
SAMPLE_0144,lung-P01LA117,lung-M47-P01LA117
SAMPLE_0145,lung-P01LA119,lung-M68-P01LA119
SAMPLE_0146,lung-P01LA120,lung-M68-P01LA120
SAMPLE_0147,lung-P01LA121,lung-M78-P01LA121
SAMPLE_0148,lung-P01LA123,lung-M67-P01LA123
SAMPLE_0149,lung-P01LA124,lung-M49-P01LA124
SAMPLE_0150,lung-P01LA125,lung-M52-P01LA125
SAMPLE_0151,lung-P01LA127,lung-M73-P01LA127
SAMPLE_0152,lung-P01LA128,lung-M164-P01LA128
SAMPLE_0153,lung-P01LA129,lung-M73-P01LA129
SAMPLE_0154,lung-P01LA132,lung-M77-P01LA132
SAMPLE_0155,lung-P01LA133,lung-M72-P01LA133
SAMPLE_0156,lung-P01LA135,lung-M49-P01LA135
SAMPLE_0157,lung-P01LA137,lung-M60-P01LA137
SAMPLE_0158,lung-P01LA139,lung-M237-P01LA139
SAMPLE_0159,lung-P01LA141,lung-M216-P01LA141
SAMPLE_0160,lung-P01LA142,lung-M78-P01LA142
SAMPLE_0161,lung-P01LA144,lung-M164-P01LA144
SAMPLE_0162,lung-P01LA145,lung-M50-P01LA145
SAMPLE_0163,lung-P01LA146,lung-M58-P01LA146
SAMPLE_0164,lung-P01LA147,lung-M236-P01LA147
SAMPLE_0165,lung-P01LA148,lung-M232-P01LA148
SAMPLE_0166,lung-P01LA149,lung-M57-P01LA149
SAMPLE_0167,lung-P01LA152,lung-M67-P01LA152
SAMPLE_0168,lung-P01LA154,lung-M67-P01LA154
SAMPLE_0169,lung-P01LA155,lung-M79-P01LA155
SAMPLE_0170,lung-P01LA156,lung-M48-P01LA156
SAMPLE_0171,lung-P01LA158,lung-M235-P01LA158
SAMPLE_0172,lung-P01LA159,lung-M217-P01LA159
SAMPLE_0173,lung-P01LA161,lung-M73-P01LA161
SAMPLE_0174,lung-P01LA162,lung-M67-P01LA162
SAMPLE_0175,lung-P01LA164,lung-M76-P01LA164
SAMPLE_0176,lung-P01LA165,lung-M53-P01LA165
SAMPLE_0177,lung-P01LA168,lung-M52-P01LA168
SAMPLE_0178,lung-P01LA169,lung-M52-P01LA169
SAMPLE_0179,lung-P01LA172,lung-M71-P01LA172
SAMPLE_0180,lung-P01LA173,lung-M58-P01LA173
SAMPLE_0181,lung-P01LA174,lung-M59-P01LA174
SAMPLE_0182,lung-P01LA175,lung-M73-P01LA175
SAMPLE_0183,lung-P01LA176,lung-M50-P01LA176
SAMPLE_0184,lung-P01LA177,lung-M233-P01LA177
SAMPLE_0185,lung-P01LA178,lung-M22-P01LA178
SAMPLE_0186,lung-P01LA179,lung-M53-P01LA179
SAMPLE_0187,lung-P01LA181,lung-M68-P01LA181
SAMPLE_0188,lung-P01LA182,lung-M50-P01LA182
SAMPLE_0189,lung-P01LA183,lung-M66-P01LA183
SAMPLE_0190,lung-P01LA184,lung-M73-P01LA184
SAMPLE_0191,lung-P01LA185,lung-M59-P01LA185
SAMPLE_0192,lung-P01LA187,lung-M50-P01LA187
SAMPLE_0193,lung-P01LA188,lung-M52-P01LA188
SAMPLE_0194,lung-P01LA189,lung-M50-P01LA189
SAMPLE_0195,lung-P01LA193,lung-M52-P01LA193
SAMPLE_0196,lung-P01LA194,lung-M52-P01LA194
SAMPLE_0197,lung-P01LA195,lung-M52-P01LA195
SAMPLE_0198,lung-P01LA196,lung-M50-P01LA196
SAMPLE_0199,lung-P01LA197,lung-M56-P01LA197
SAMPLE_0200,lung-P01LA198,lung-M52-P01LA198
SAMPLE_0201,lung-P01LA199,lung-M75-P01LA199
SAMPLE_0202,lung-P01LA201,lung-M72-P01LA201
SAMPLE_0203,lung-P01LA202,lung-M50-P01LA202
SAMPLE_0204,lung-P01LA203,lung-M67-P01LA203
SAMPLE_0205,lung-P01LA207,lung-M193-P01LA207
SAMPLE_0206,lung-P01LA208,lung-M105-P01LA208
SAMPLE_0207,lung-P01LA209,lung-M59-P01LA209
SAMPLE_0208,lung-P01LA210,lung-M76-P01LA210
SAMPLE_0209,lung-P01LA213,lung-M170-P01LA213
SAMPLE_0210,lung-P01LA214,lung-M60-P01LA214
SAMPLE_0211,lung-P01LA215,lung-M69-P01LA215
SAMPLE_0212,lung-P01LA216,lung-M104-P01LA216
SAMPLE_0213,lung-P01LA217,lung-M56-P01LA217
SAMPLE_0214,lung-P01LA220,lung-M23-P01LA220
SAMPLE_0215,lung-P01LA221,lung-M79-P01LA221
SAMPLE_0216,lung-P01LA222,lung-M78-P01LA222
SAMPLE_0217,lung-P01LA228,lung-M55-P01LA228
SAMPLE_0218,lung-P01LA229,lung-M75-P01LA229
SAMPLE_0219,lung-P01LA230,lung-M236-P01LA230
SAMPLE_0220,lung-P01LA231,lung-M78-P01LA231
SAMPLE_0221,lung-P01LA232,lung-M56-P01LA232
SAMPLE_0222,lung-P01LA235,lung-M78-P01LA235
SAMPLE_0223,lung-P01LA238,lung-M232-P01LA238
SAMPLE_0224,lung-P01LA239,lung-M105-P01LA239
SAMPLE_0225,lung-P01LA240,lung-M61-P01LA240
SAMPLE_0226,lung-P01LA242,lung-M223-P01LA242
SAMPLE_0227,lung-P01LA243,lung-M61-P01LA243
SAMPLE_0228,lung-P01LA245,lung-M61-P01LA245
SAMPLE_0229,lung-P01LA247,lung-M70-P01LA247
SAMPLE_0230,lung-P01LA248,lung-M12-P01LA248
SAMPLE_0231,lung-P01LA250,lung-M170-P01LA250
SAMPLE_0232,lung-P01LA251,lung-M56-P01LA251
SAMPLE_0233,lung-P01LA255,lung-M56-P01LA255
SAMPLE_0234,lung-P01LA256,lung-M78-P01LA256
SAMPLE_0235,lung-P01LA257,lung-M235-P01LA257
SAMPLE_0236,lung-P01LA258,lung-M9-P01LA258
SAMPLE_0237,lung-P01LA259,lung-M74-P01LA259
SAMPLE_0238,lung-P01LA260,lung-M59-P01LA260
SAMPLE_0239,lung-P01LA262,lung-M54-P01LA262
SAMPLE_0240,lung-P01LA263,lung-M59-P01LA263
SAMPLE_0241,lung-P01LA264,lung-M16-P01LA264
SAMPLE_0242,lung-P01LA265,lung-M22-P01LA265
SAMPLE_0243,lung-P01LA266,lung-M48-P01LA266
SAMPLE_0244,lung-P01LA267,lung-M77-P01LA267
SAMPLE_0245,lung-P01LA269,lung-M55-P01LA269
SAMPLE_0246,lung-P01LA271,lung-M57-P01LA271
SAMPLE_0247,lung-P01LA274,lung-M58-P01LA274
SAMPLE_0248,lung-P01LA275,lung-M105-P01LA275
SAMPLE_0249,lung-P01LA278,lung-M27-P01LA278
SAMPLE_0250,lung-P01LA281,lung-M48-P01LA281
SAMPLE_0251,lung-P01LA282,lung-M105-P01LA282
SAMPLE_0252,lung-P01LA283,lung-M104-P01LA283
SAMPLE_0253,lung-P01LA284,lung-M80-P01LA284
SAMPLE_0254,lung-P01LA286,lung-M53-P01LA286
SAMPLE_0255,lung-P01LA287,lung-M43-P01LA287
SAMPLE_0256,lung-P01LA289,lung-M74-P01LA289
SAMPLE_0257,lung-P01LA290,lung-M56-P01LA290
SAMPLE_0258,lung-P01LA291,lung-M62-P01LA291
SAMPLE_0259,lung-P01LA293,lung-M66-P01LA293
SAMPLE_0260,lung-P01LA294,lung-M79-P01LA294
SAMPLE_0261,lung-P01LA295,lung-M71-P01LA295
SAMPLE_0262,lung-P01LA297,lung-M57-P01LA297
SAMPLE_0263,lung-P01LA299,lung-M69-P01LA299
SAMPLE_0264,lung-P01LA300,lung-M22-P01LA300
SAMPLE_0265,lung-P01LA301,lung-M57-P01LA301
SAMPLE_0266,lung-P01LA304,lung-M23-P01LA304
SAMPLE_0267,lung-P01LA305,lung-M193-P01LA305
SAMPLE_0268,lung-P01LA306,lung-M190-P01LA306
SAMPLE_0269,lung-P01LA307,lung-M48-P01LA307
SAMPLE_0270,lung-P01LA308,lung-M3-P01LA308
SAMPLE_0271,lung-P01LA311,lung-M165-P01LA311
SAMPLE_0272,lung-P01LA312,lung-M74-P01LA312
SAMPLE_0273,lung-P01LA313,lung-M105-P01LA313
SAMPLE_0274,lung-P01LA314,lung-M62-P01LA314
SAMPLE_0275,lung-P01LA316,lung-M165-P01LA316
SAMPLE_0276,lung-P01LA317,lung-M69-P01LA317
SAMPLE_0277,lung-P01LA318,lung-M78-P01LA318
SAMPLE_0278,lung-P01LA320,lung-M77-P01LA320
SAMPLE_0279,lung-P01LA323,lung-M106-P01LA323
SAMPLE_0280,lung-P01LA324,lung-M54-P01LA324
SAMPLE_0281,lung-P01LA325,lung-M235-P01LA325
SAMPLE_0282,lung-P01LA327,lung-M66-P01LA327
SAMPLE_0283,lung-P01LA330,lung-M61-P01LA330
SAMPLE_0284,lung-P01LA331,lung-M173-P01LA331
SAMPLE_0285,lung-P01LA335,lung-M173-P01LA335
SAMPLE_0286,lung-P01LA336,lung-M173-P01LA336
SAMPLE_0287,lung-P01LA337,lung-M57-P01LA337
SAMPLE_0288,lung-P01LA338,lung-M75-P01LA338
SAMPLE_0289,lung-P01LA340,lung-M60-P01LA340
SAMPLE_0290,lung-P01LA342,lung-M60-P01LA342
SAMPLE_0291,lung-P01LA343,lung-M58-P01LA343
SAMPLE_0292,lung-P01LA344,lung-M218-P01LA344
SAMPLE_0293,lung-P01LA345,lung-M79-P01LA345
SAMPLE_0294,lung-P01LA347,lung-M58-P01LA347
SAMPLE_0295,lung-P01LA348,lung-M23-P01LA348
SAMPLE_0296,lung-P01LA349,lung-M164-P01LA349
SAMPLE_0297,lung-P01LA350,lung-M170-P01LA350
SAMPLE_0298,lung-P01LA351,lung-M170-P01LA351
SAMPLE_0299,lung-P01LA352,lung-M60-P01LA352
SAMPLE_0300,lung-P01LA355,lung-M79-P01LA355
SAMPLE_0301,lung-P01LA357,lung-M77-P01LA357
SAMPLE_0302,lung-P01LA358,lung-M24-P01LA358
SAMPLE_0303,lung-P01LA361,lung-M69-P01LA361
SAMPLE_0304,lung-P01LA363,lung-M56-P01LA363
SAMPLE_0305,lung-P01LA364,lung-M60-P01LA364
SAMPLE_0306,lung-P01LA366,lung-M105-P01LA366
SAMPLE_0307,lung-P01LA367,lung-M49-P01LA367
SAMPLE_0308,lung-P01LA368,lung-M106-P01LA368
SAMPLE_0309,lung-P01LA369,lung-M60-P01LA369
SAMPLE_0310,lung-P01LA372,lung-M75-P01LA372
SAMPLE_0311,lung-P01LA373,lung-M61-P01LA373
SAMPLE_0312,lung-P01LA374,lung-M54-P01LA374
SAMPLE_0313,lung-P01LA376,lung-M57-P01LA376
SAMPLE_0314,lung-P01LA377,lung-M54-P01LA377
SAMPLE_0315,lung-P01LA378,lung-M75-P01LA378
SAMPLE_0316,lung-P01LA379,lung-M170-P01LA379
SAMPLE_0317,lung-P01LA382,lung-M57-P01LA382
SAMPLE_0318,lung-P01LA388,lung-M235-P01LA388
SAMPLE_0319,lung-P01LA390,lung-M58-P01LA390
SAMPLE_0320,lung-P01LA391,lung-M167-P01LA391
SAMPLE_0321,lung-P01LA398,lung-M57-P01LA398
SAMPLE_0322,lung-P01LA400,lung-M55-P01LA400
SAMPLE_0323,lung-P01LA401,lung-M77-P01LA401
SAMPLE_0324,lung-P01LA402,lung-M79-P01LA402
SAMPLE_0325,lung-P01LA403,lung-M62-P01LA403
SAMPLE_0326,lung-P01LA404,lung-M171-P01LA404
SAMPLE_0327,lung-P01LA405,lung-M79-P01LA405
SAMPLE_0328,lung-P01LA407,lung-M167-P01LA407
SAMPLE_0329,lung-P01LA408,lung-M55-P01LA408
SAMPLE_0330,lung-P01LA409,lung-M157-P01LA409
SAMPLE_0331,lung-P01LA410,lung-M61-P01LA410
SAMPLE_0332,lung-P01LA413,lung-M157-P01LA413
SAMPLE_0333,lung-P01LA414,lung-M64-P01LA414
SAMPLE_0334,lung-P01LA416,lung-M202-P01LA416
SAMPLE_0335,lung-P01LA417,lung-M199-P01LA417
SAMPLE_0336,lung-P01LA419,lung-M191-P01LA419
SAMPLE_0337,lung-P01LA420,lung-M231-P01LA420
SAMPLE_0338,lung-P01LA421,lung-M203-P01LA421
SAMPLE_0339,lung-P01LA422,lung-M33-P01LA422
SAMPLE_0340,lung-P01LA424,lung-M29-P01LA424
SAMPLE_0341,lung-P01LA425,lung-M162-P01LA425
SAMPLE_0342,lung-P01LA426,lung-M199-P01LA426
SAMPLE_0343,lung-P01LA427,lung-M168-P01LA427
SAMPLE_0344,lung-P01LA428,lung-M71-P01LA428
SAMPLE_0345,lung-P01LA429,lung-M22-P01LA429
SAMPLE_0346,lung-P01LA430,lung-M202-P01LA430
SAMPLE_0347,lung-P01LA431,lung-M159-P01LA431
SAMPLE_0348,lung-P01LA432,lung-M250-P01LA432
SAMPLE_0349,lung-P01LA433,lung-M211-P01LA433
SAMPLE_0350,lung-P01LA434,lung-M217-P01LA434
SAMPLE_0351,lung-P01LA436,lung-M219-P01LA436
SAMPLE_0352,lung-P01LA437,lung-M217-P01LA437
SAMPLE_0353,lung-P01LA438,lung-M216-P01LA438
SAMPLE_0354,lung-P01LA440,lung-M64-P01LA440
SAMPLE_0355,lung-P01LA442,lung-M194-P01LA442
SAMPLE_0356,lung-P01LA443,lung-M193-P01LA443
SAMPLE_0357,lung-P01LA445,lung-M31-P01LA445
SAMPLE_0358,lung-P01LA446,lung-M162-P01LA446
SAMPLE_0359,lung-P01LA447,lung-M210-P01LA447
SAMPLE_0360,lung-P01LA448,lung-M161-P01LA448
SAMPLE_0361,lung-P01LA449,lung-M81-P01LA449
SAMPLE_0362,lung-P01LA450,lung-M64-P01LA450
SAMPLE_0363,lung-P01LA451,lung-M35-P01LA451
SAMPLE_0364,lung-P01LA454,lung-M220-P01LA454
SAMPLE_0365,lung-P01LA455,lung-M32-P01LA455
SAMPLE_0366,lung-P01LA456,lung-M160-P01LA456
SAMPLE_0367,lung-P01LA457,lung-M40-P01LA457
SAMPLE_0368,lung-P01LA458,lung-M177-P01LA458
SAMPLE_0369,lung-P01LA459,lung-M71-P01LA459
SAMPLE_0370,lung-P01LA460,lung-M64-P01LA460
SAMPLE_0371,lung-P01LA461,lung-M5-P01LA461
SAMPLE_0372,lung-P01LA466,lung-M23-P01LA466
SAMPLE_0373,lung-P01LA468,lung-M71-P01LA468
SAMPLE_0374,lung-P01LA469,lung-M42-P01LA469
SAMPLE_0375,lung-P01LA470,lung-M65-P01LA470
SAMPLE_0376,lung-P01LA472,lung-M65-P01LA472
SAMPLE_0377,lung-P01LA473,lung-M217-P01LA473
SAMPLE_0378,lung-P01LA474,lung-M192-P01LA474
SAMPLE_0379,lung-P01LA475,lung-M65-P01LA475
SAMPLE_0380,lung-P01LA476,lung-M70-P01LA476
SAMPLE_0381,lung-P01LA477,lung-M63-P01LA477
SAMPLE_0382,lung-P01LA478,lung-M233-P01LA478
SAMPLE_0383,lung-P01LA480,lung-M168-P01LA480
SAMPLE_0384,lung-P01LA483,lung-M158-P01LA483
SAMPLE_0385,lung-P01LA485,lung-M171-P01LA485
SAMPLE_0386,lung-P01LA486,lung-M42-P01LA486
SAMPLE_0387,lung-P01LA488,lung-M211-P01LA488
SAMPLE_0388,lung-P01LA489,lung-M233-P01LA489
SAMPLE_0389,lung-P01LA490,lung-M205-P01LA490
SAMPLE_0390,lung-P01LA491,lung-M169-P01LA491
SAMPLE_0391,lung-P01LA493,lung-M219-P01LA493
SAMPLE_0392,lung-P01LA494,lung-M168-P01LA494
SAMPLE_0393,lung-P01LA495,lung-M202-P01LA495
SAMPLE_0394,lung-P01LA496,lung-M183-P01LA496
SAMPLE_0395,lung-P01LA497,lung-M174-P01LA497
SAMPLE_0396,lung-P01LA498,lung-M65-P01LA498
SAMPLE_0397,lung-P01LA499,lung-M44-P01LA499
SAMPLE_0398,lung-P01LA500,lung-M220-P01LA500
SAMPLE_0399,lung-P01LA501,lung-M192-P01LA501
SAMPLE_0400,lung-P01LA503,lung-M216-P01LA503
SAMPLE_0401,lung-P01LA504,lung-M62-P01LA504
SAMPLE_0402,lung-P01LA506,lung-M223-P01LA506
SAMPLE_0403,lung-P01LA507,lung-M168-P01LA507
SAMPLE_0404,lung-P01LA508,lung-M231-P01LA508
SAMPLE_0405,lung-P01LA509,lung-M63-P01LA509
SAMPLE_0406,lung-P01LA510,lung-M39-P01LA510
SAMPLE_0407,lung-P01LA511,lung-M220-P01LA511
SAMPLE_0408,lung-P01LA512,lung-M64-P01LA512
SAMPLE_0409,lung-P01LA516,lung-M159-P01LA516
SAMPLE_0410,lung-P01LA517,lung-M55-P01LA517
SAMPLE_0411,lung-P01LA518,lung-M199-P01LA518
SAMPLE_0412,lung-P01LA519,lung-M68-P01LA519
SAMPLE_0413,lung-P01LA520,lung-M64-P01LA520
SAMPLE_0414,lung-P01LA521,lung-M44-P01LA521
SAMPLE_0415,lung-P01LA522,lung-M64-P01LA522
SAMPLE_0416,lung-P01LA524,lung-M235-P01LA524
SAMPLE_0417,lung-P01LA525,lung-M104-P01LA525
SAMPLE_0418,lung-P01LA526,lung-M69-P01LA526
SAMPLE_0419,lung-P01LA527,lung-M42-P01LA527
SAMPLE_0420,lung-P01LA529,lung-M45-P01LA529
SAMPLE_0421,lung-P01LA530,lung-M53-P01LA530
SAMPLE_0422,lung-P01LA531,lung-M39-P01LA531
SAMPLE_0423,lung-P01LA532,lung-M217-P01LA532
SAMPLE_0424,lung-P01LA533,lung-M54-P01LA533
SAMPLE_0425,lung-P01LA534,lung-M65-P01LA534
SAMPLE_0426,lung-P01LA535,lung-M27-P01LA535
SAMPLE_0427,lung-P01LA536,lung-M105-P01LA536
SAMPLE_0428,lung-P01LA537,lung-M18-P01LA537
SAMPLE_0429,lung-P01LA539,lung-M10-P01LA539
SAMPLE_0430,lung-P01LA540,lung-M12-P01LA540
SAMPLE_0431,lung-P01LA541,lung-M2-P01LA541
SAMPLE_0432,lung-P01LA542,lung-M45-P01LA542
SAMPLE_0433,lung-P01LA543,lung-M1-P01LA543
SAMPLE_0434,lung-P01LA544,lung-M157-P01LA544
SAMPLE_0435,lung-P01LA545,lung-M71-P01LA545
SAMPLE_0436,lung-P01LA551,lung-M42-P01LA551
SAMPLE_0437,lung-P01LA552,lung-M40-P01LA552
SAMPLE_0438,lung-P01LA554,lung-M1-P01LA554
SAMPLE_0439,lung-P01LA556,lung-M1-P01LA556
SAMPLE_0440,lung-P01LA557,lung-M17-P01LA557
SAMPLE_0441,lung-P01LA558,lung-M54-P01LA558
SAMPLE_0442,lung-P01LA559,lung-M3-P01LA559
SAMPLE_0443,lung-P01LA560,lung-M160-P01LA560
SAMPLE_0444,lung-P01LA563,lung-M167-P01LA563
SAMPLE_0445,lung-P01LA564,lung-M159-P01LA564
SAMPLE_0446,lung-P01LA566,lung-M211-P01LA566
SAMPLE_0447,lung-P01LA567,lung-M65-P01LA567
SAMPLE_0448,lung-P01LA568,lung-M251-P01LA568
SAMPLE_0449,lung-P01LA569,lung-M162-P01LA569
SAMPLE_0450,lung-P01LA570,lung-M59-P01LA570
SAMPLE_0451,lung-P01LA571,lung-M1-P01LA571
SAMPLE_0452,lung-P01LA572,lung-M306-P01LA572
SAMPLE_0453,lung-P01LA573,lung-M168-P01LA573
SAMPLE_0454,lung-P01LA576,lung-M3-P01LA576
SAMPLE_0455,lung-P01LA577,lung-M48-P01LA577
SAMPLE_0456,lung-P01LA580,lung-M14-P01LA580
SAMPLE_0457,lung-P01LA582,lung-M2-P01LA582
SAMPLE_0458,lung-P01LA583,lung-M13-P01LA583
SAMPLE_0459,lung-P01LA584,lung-M27-P01LA584
SAMPLE_0460,lung-P01LA588,lung-M160-P01LA588
SAMPLE_0461,lung-P01LA591,lung-M11-P01LA591
SAMPLE_0462,lung-P01LA592,lung-M16-P01LA592
SAMPLE_0463,lung-P01LA593,lung-M39-P01LA593
SAMPLE_0464,lung-P01LA594,lung-M13-P01LA594
SAMPLE_0465,lung-P01LA595,lung-M2-P01LA595
SAMPLE_0466,lung-P01LA596,lung-M61-P01LA596
SAMPLE_0467,lung-P01LA597,lung-M194-P01LA597
SAMPLE_0468,lung-P01LA598,lung-M36-P01LA598
SAMPLE_0469,lung-P01LA600,lung-M19-P01LA600
SAMPLE_0470,lung-P01LA601,lung-M19-P01LA601
SAMPLE_0471,lung-P01LA602,lung-M4-P01LA602
SAMPLE_0472,lung-P01LA603,lung-M3-P01LA603
SAMPLE_0473,lung-P01LA608,lung-M2-P01LA608
SAMPLE_0474,lung-P01LA609,lung-M44-P01LA609
SAMPLE_0475,lung-P01LA612,lung-M26-P01LA612
SAMPLE_0476,lung-P01LA614,lung-M60-P01LA614
SAMPLE_0477,lung-P01LA616,lung-M34-P01LA616
SAMPLE_0478,lung-P01LA617,lung-M46-P01LA617
SAMPLE_0479,lung-P01LA618,lung-M34-P01LA618
SAMPLE_0480,lung-P01LA619,lung-M36-P01LA619
SAMPLE_0481,lung-P01LA620,lung-M17-P01LA620
SAMPLE_0482,lung-P01LA621,lung-M167-P01LA621
SAMPLE_0483,lung-P01LA622,lung-M7-P01LA622
SAMPLE_0484,lung-P01LA623,lung-M19-P01LA623
SAMPLE_0485,lung-P01LA624,lung-M23-P01LA624
SAMPLE_0486,lung-P01LA625,lung-M211-P01LA625
SAMPLE_0487,lung-P01LA627,lung-M160-P01LA627
SAMPLE_0488,lung-P01LA628,lung-M14-P01LA628
SAMPLE_0489,lung-P01LA629,lung-M61-P01LA629
SAMPLE_0490,lung-P01LA631,lung-M15-P01LA631
SAMPLE_0491,lung-P01LA632,lung-M28-P01LA632
SAMPLE_0492,lung-P01LA633,lung-M46-P01LA633
SAMPLE_0493,lung-P01LA636,lung-M233-P01LA636
SAMPLE_0494,lung-P01LA638,lung-M167-P01LA638
SAMPLE_0495,lung-P01LA639,lung-M2-P01LA639
SAMPLE_0496,lung-P01LA640,lung-M41-P01LA640
SAMPLE_0497,lung-P01LA641,lung-M8-P01LA641
SAMPLE_0498,lung-P01LA642,lung-M223-P01LA642
SAMPLE_0499,lung-P01LA643,lung-M168-P01LA643
SAMPLE_0500,lung-P01LA645,lung-M235-P01LA645
SAMPLE_0501,lung-P01LA646,lung-M41-P01LA646
SAMPLE_0502,lung-P01LA647,lung-M160-P01LA647
SAMPLE_0503,lung-P01LA653,lung-M169-P01LA653
SAMPLE_0504,lung-P01LA655,lung-M65-P01LA655
SAMPLE_0505,lung-P01LA656,lung-M19-P01LA656
SAMPLE_0506,lung-P01LA657,lung-M223-P01LA657
SAMPLE_0507,lung-P01LA659,lung-M223-P01LA659
SAMPLE_0508,lung-P01LA660,lung-M189-P01LA660
SAMPLE_0509,lung-P01LA661,lung-M223-P01LA661
SAMPLE_0510,lung-P01LA662,lung-M159-P01LA662
SAMPLE_0511,lung-P01LA663,lung-M11-P01LA663
SAMPLE_0512,lung-P01LA664,lung-M211-P01LA664
SAMPLE_0513,lung-P01LA665,lung-M23-P01LA665
SAMPLE_0514,lung-P01LA666,lung-M63-P01LA666
SAMPLE_0515,lung-P01LA668,lung-M9-P01LA668
SAMPLE_0516,lung-P01LA670,lung-M210-P01LA670
SAMPLE_0517,lung-P01LA671,lung-M188-P01LA671
SAMPLE_0518,lung-P01LA672,lung-M204-P01LA672
SAMPLE_0519,lung-P01LA674,lung-M219-P01LA674
SAMPLE_0520,lung-P01LA676,lung-M211-P01LA676
SAMPLE_0521,lung-P01LA677,lung-M209-P01LA677
SAMPLE_0522,lung-P01LA678,lung-M17-P01LA678
SAMPLE_0523,lung-P01LA679,lung-M18-P01LA679
SAMPLE_0524,lung-P01LA681,lung-M159-P01LA681
SAMPLE_0525,lung-P01LA683,lung-M6-P01LA683
SAMPLE_0526,lung-P01LA684,lung-M210-P01LA684
SAMPLE_0527,lung-P01LA685,lung-M159-P01LA685
SAMPLE_0528,lung-P01LA686,lung-M167-P01LA686
SAMPLE_0529,lung-P01LA687,lung-M23-P01LA687
SAMPLE_0530,lung-P01LA688,lung-M215-P01LA688
SAMPLE_0531,lung-P01LA690,lung-M7-P01LA690
SAMPLE_0532,lung-P01LA693,lung-M12-P01LA693
SAMPLE_0533,lung-P01LA694,lung-M41-P01LA694
SAMPLE_0534,lung-P01LA695,lung-M26-P01LA695
SAMPLE_0535,lung-P01LA696,lung-M104-P01LA696
SAMPLE_0536,lung-P01LA697,lung-M35-P01LA697
SAMPLE_0537,lung-P01LA699,lung-M217-P01LA699
SAMPLE_0538,lung-P01LA700,lung-M203-P01LA700
SAMPLE_0539,lung-P01LA702,lung-M18-P01LA702
SAMPLE_0540,lung-P01LA703,lung-M15-P01LA703
SAMPLE_0541,lung-P01LA706,lung-M157-P01LA706
SAMPLE_0542,lung-P01LA707,lung-M9-P01LA707
SAMPLE_0543,lung-P01LA708,lung-M8-P01LA708
SAMPLE_0544,lung-P01LA709,lung-M8-P01LA709
SAMPLE_0545,lung-P01LA710,lung-M216-P01LA710
SAMPLE_0546,lung-P01LA711,lung-M40-P01LA711
SAMPLE_0547,lung-P01LA715,lung-M48-P01LA715
SAMPLE_0548,lung-P01LA717,lung-M45-P01LA717
SAMPLE_0549,lung-P01LA718,lung-M4-P01LA718
SAMPLE_0550,lung-P01LA829,lung-M208-P01LA829
SAMPLE_0551,lung-P01LA831,lung-M19-P01LA831
SAMPLE_0552,lung-P01LA832,lung-M234-P01LA832
SAMPLE_0553,lung-P01LA834,lung-M21-P01LA834
SAMPLE_0554,lung-P01LA835,lung-M19-P01LA835
SAMPLE_0555,lung-P01LA838,lung-M1-P01LA838
SAMPLE_0556,lung-P01LA841,lung-M17-P01LA841
SAMPLE_0557,lung-P01LA844,lung-M211-P01LA844
SAMPLE_0558,lung-P01LA852,lung-M209-P01LA852
SAMPLE_0559,lung-P01LA854,lung-M211-P01LA854
SAMPLE_0560,lung-P01LA859,lung-M222-P01LA859
SAMPLE_0561,lung-P01LA861,lung-M209-P01LA861
SAMPLE_0562,lung-P01LA864,lung-M217-P01LA864
SAMPLE_0563,lung-P01LA865,lung-M80-P01LA865
SAMPLE_0564,lung-P01LA868,lung-M27-P01LA868
SAMPLE_0565,lung-P01LA870,lung-M81-P01LA870
SAMPLE_0566,lung-P01LA871,lung-M3-P01LA871
SAMPLE_0567,lung-P01LA872,lung-M25-P01LA872
SAMPLE_0568,lung-P01LA873,lung-M1-P01LA873
SAMPLE_0569,lung-P01LA874,lung-M6-P01LA874
SAMPLE_0570,lung-P01LA875,lung-M3-P01LA875
SAMPLE_0571,lung-P01LA876,lung-M20-P01LA876
SAMPLE_0572,lung-P01LA877,lung-M15-P01LA877
SAMPLE_0573,lung-P01LA878,lung-M157-P01LA878
SAMPLE_0574,lung-P01LA879,lung-M233-P01LA879
SAMPLE_0575,lung-P01LA880,lung-M20-P01LA880
SAMPLE_0576,lung-P01LA882,lung-M202-P01LA882
SAMPLE_0577,lung-P01LA883,lung-M208-P01LA883
SAMPLE_0578,lung-P01LA884,lung-M1-P01LA884
SAMPLE_0579,lung-P01LA885,lung-M202-P01LA885
SAMPLE_0580,lung-P01LA886,lung-M81-P01LA886
SAMPLE_0581,lung-P01LA889,lung-M63-P01LA889
SAMPLE_0582,lung-P01LA891,lung-M224-P01LA891
SAMPLE_0583,lung-P01LA893,lung-M208-P01LA893
SAMPLE_0584,lung-P01LA895,lung-M22-P01LA895
SAMPLE_0585,lung-P01LA896,lung-M223-P01LA896
SAMPLE_0586,lung-P01LA897,lung-M176-P01LA897
SAMPLE_0587,lung-P01LA898,lung-M217-P01LA898
SAMPLE_0588,lung-P01LA902,lung-M63-P01LA902
SAMPLE_0589,lung-P01LA905,lung-M63-P01LA905
SAMPLE_0590,lung-P01LA909,lung-M7-P01LA909
SAMPLE_0591,lung-P01LA912,lung-M223-P01LA912
SAMPLE_0592,lung-P01LA914,lung-M5-P01LA914
SAMPLE_0593,lung-P01LA919,lung-M216-P01LA919
SAMPLE_0594,lung-P01LA920,lung-M4-P01LA920
SAMPLE_0595,lung-P01LA921,lung-M217-P01LA921
SAMPLE_0596,lung-P01LA924,lung-M22-P01LA924
SAMPLE_0597,lung-P01LA925,lung-M208-P01LA925
SAMPLE_0598,lung-P01LA928,lung-M17-P01LA928
SAMPLE_0599,lung-P01LA931,lung-M37-P01LA931
SAMPLE_0600,lung-P01LA932,lung-M208-P01LA932
SAMPLE_0601,lung-P01LA935,lung-M209-P01LA935
SAMPLE_0602,lung-P01LA937,lung-M167-P01LA937
SAMPLE_0603,lung-P01LA939,lung-M5-P01LA939
SAMPLE_0604,lung-P01LA940,lung-M210-P01LA940
SAMPLE_0605,lung-P01LA941,lung-M12-P01LA941
SAMPLE_0606,lung-P01LA943,lung-M209-P01LA943
SAMPLE_0607,lung-P01LA945,lung-M26-P01LA945
SAMPLE_0608,lung-P01LA946,lung-M224-P01LA946
SAMPLE_0609,lung-P01LA949,lung-M27-P01LA949
SAMPLE_0610,lung-P01LA951,lung-M3-P01LA951
SAMPLE_0611,lung-P01LA952,lung-M223-P01LA952
SAMPLE_0612,lung-P01LA953,lung-M169-P01LA953
SAMPLE_0613,lung-P01LA954,lung-M205-P01LA954
SAMPLE_0614,lung-P01LA955,lung-M167-P01LA955
SAMPLE_0615,lung-P01LA959,lung-M175-P01LA959
SAMPLE_0616,lung-P01LA960,lung-M208-P01LA960
SAMPLE_0617,lung-P01LA961,lung-M217-P01LA961
SAMPLE_0618,lung-P01LA962,lung-M160-P01LA962
SAMPLE_0619,lung-P01LA963,lung-M191-P01LA963
SAMPLE_0620,lung-P01LA965,lung-M159-P01LA965
SAMPLE_0621,lung-P01LA967,lung-M190-P01LA967
SAMPLE_0622,lung-P01LA969,lung-M190-P01LA969
SAMPLE_0623,lung-P01LA970,lung-M218-P01LA970
SAMPLE_0624,lung-P01LA973,lung-M210-P01LA973
SAMPLE_0625,lung-P01LA975,lung-M169-P01LA975
SAMPLE_0626,lung-P01LA978,lung-M211-P01LA978
SAMPLE_0627,lung-P01LA979,lung-M162-P01LA979
SAMPLE_0628,lung-P01LA980,lung-M224-P01LA980
SAMPLE_0629,lung-P01LA982,lung-M232-P01LA982
SAMPLE_0630,lung-P01LA984,lung-M222-P01LA984
SAMPLE_0631,lung-P01LA985,lung-M169-P01LA985
SAMPLE_0632,lung-P01LA986,lung-M40-P01LA986
SAMPLE_0633,lung-P01LA987,lung-M3-P01LA987
SAMPLE_0634,lung-P01LA995,lung-M171-P01LA995
SAMPLE_0635,lung-P01LA997,lung-M191-P01LA997
SAMPLE_0636,lung-P01LA998,lung-M1-P01LA998
SAMPLE_0637,lung-P01LB001,lung-M34-P01LB001
SAMPLE_0638,lung-P01LB003,lung-M205-P01LB003
SAMPLE_0639,lung-P01LB004,lung-M158-P01LB004
SAMPLE_0640,lung-P01LB007,lung-M216-P01LB007
SAMPLE_0641,lung-P01LB009,lung-M251-P01LB009
SAMPLE_0642,lung-P01LB010,lung-M251-P01LB010
SAMPLE_0643,lung-P01LB013,lung-M14-P01LB013
SAMPLE_0644,lung-P01LB014,lung-M210-P01LB014
SAMPLE_0645,lung-P01LB015,lung-M12-P01LB015
SAMPLE_0646,lung-P01LB016,lung-M238-P01LB016
SAMPLE_0647,lung-P01LB017,lung-M216-P01LB017
SAMPLE_0648,lung-P01LB018,lung-M216-P01LB018
SAMPLE_0649,lung-P01LB019,lung-M222-P01LB019
SAMPLE_0650,lung-P01LB020,lung-M36-P01LB020
SAMPLE_0651,lung-P01LB022,lung-M238-P01LB022
SAMPLE_0652,lung-P01LB024,lung-M37-P01LB024
SAMPLE_0653,lung-P01LB028,lung-M70-P01LB028
SAMPLE_0654,lung-P01LB029,lung-M62-P01LB029
SAMPLE_0655,lung-P01LB030,lung-M221-P01LB030
SAMPLE_0656,lung-P01LB033,lung-M9-P01LB033
SAMPLE_0657,lung-P01LB034,lung-M19-P01LB034
SAMPLE_0658,lung-P01LB035,lung-M43-P01LB035
SAMPLE_0659,lung-P01LB037,lung-M194-P01LB037
SAMPLE_0660,lung-P01LB038,lung-M38-P01LB038
SAMPLE_0661,lung-P01LB039,lung-M34-P01LB039
SAMPLE_0662,lung-P01LB043,lung-M231-P01LB043
SAMPLE_0663,lung-P01LB044,lung-M238-P01LB044
SAMPLE_0664,lung-P01LB050,lung-M81-P01LB050
SAMPLE_0665,lung-P01LB051,lung-M238-P01LB051
SAMPLE_0666,lung-P01LB052,lung-M245-P01LB052
SAMPLE_0667,lung-P01LB054,lung-M14-P01LB054
SAMPLE_0668,lung-P01LB055,lung-M172-P01LB055
SAMPLE_0669,lung-P01LB057,lung-M81-P01LB057
SAMPLE_0670,lung-P01LB060,lung-M201-P01LB060
SAMPLE_0671,lung-P01LB063,lung-M13-P01LB063
SAMPLE_0672,lung-P01LB064,lung-M63-P01LB064
SAMPLE_0673,lung-P01LB065,lung-M65-P01LB065
SAMPLE_0674,lung-P01LB066,lung-M44-P01LB066
SAMPLE_0675,lung-P01LB067,lung-M158-P01LB067
SAMPLE_0676,lung-P01LB068,lung-M10-P01LB068
SAMPLE_0677,lung-P01LB069,lung-M211-P01LB069
SAMPLE_0678,lung-P01LB070,lung-M169-P01LB070
SAMPLE_0679,lung-P01LB072,lung-M168-P01LB072
SAMPLE_0680,lung-P01LB074,lung-M232-P01LB074
SAMPLE_0681,lung-P01LB075,lung-M7-P01LB075
SAMPLE_0682,lung-P01LB076,lung-M160-P01LB076
SAMPLE_0683,lung-P01LB077,lung-M40-P01LB077
SAMPLE_0684,lung-P01LB078,lung-M64-P01LB078
SAMPLE_0685,lung-P01LB079,lung-M8-P01LB079
SAMPLE_0686,lung-P01LB082,lung-M238-P01LB082
SAMPLE_0687,lung-P01LB083,lung-M210-P01LB083
SAMPLE_0688,lung-P01LB086,lung-M174-P01LB086
SAMPLE_0689,lung-P01LB087,lung-M16-P01LB087
SAMPLE_0690,lung-P01LB089,lung-M238-P01LB089
SAMPLE_0691,lung-P01LB090,lung-M24-P01LB090
SAMPLE_0692,lung-P01LB091,lung-M175-P01LB091
SAMPLE_0693,lung-P01LB093,lung-M199-P01LB093
SAMPLE_0694,lung-P01LB094,lung-M15-P01LB094
SAMPLE_0695,lung-P01LB095,lung-M38-P01LB095
SAMPLE_0696,lung-P01LB096,lung-M56-P01LB096
SAMPLE_0697,lung-P01LB097,lung-M238-P01LB097
SAMPLE_0698,lung-P01LB101,lung-M222-P01LB101
SAMPLE_0699,lung-P01LB103,lung-M11-P01LB103
SAMPLE_0700,lung-P01LB105,lung-M10-P01LB105
SAMPLE_0701,lung-P01LB106,lung-M38-P01LB106
SAMPLE_0702,lung-P01LB107,lung-M25-P01LB107
SAMPLE_0703,lung-P01LB108,lung-M64-P01LB108
SAMPLE_0704,lung-P01LB109,lung-M110-P01LB109
SAMPLE_0705,lung-P01LB111,lung-M16-P01LB111
SAMPLE_0706,lung-P01LB112,lung-M175-P01LB112
SAMPLE_0707,lung-P01LB113,lung-M33-P01LB113
SAMPLE_0708,lung-P01LB115,lung-M235-P01LB115
SAMPLE_0709,lung-P01LB116,lung-M224-P01LB116
SAMPLE_0710,lung-P01LB118,lung-M15-P01LB118
SAMPLE_0711,lung-P01LB122,lung-M8-P01LB122
SAMPLE_0712,lung-P01LB123,lung-M238-P01LB123
SAMPLE_0713,lung-P01LB126,lung-M6-P01LB126
SAMPLE_0714,lung-P01LB127,lung-M170-P01LB127
SAMPLE_0715,lung-P01LB128,lung-M171-P01LB128
SAMPLE_0716,lung-P01LB129,lung-M65-P01LB129
SAMPLE_0717,lung-P01LB130,lung-M29-P01LB130
SAMPLE_0718,lung-P01LB131,lung-M6-P01LB131
SAMPLE_0719,lung-P01LB132,lung-M239-P01LB132
SAMPLE_0720,lung-P01LB134,lung-M170-P01LB134
SAMPLE_0721,lung-P01LB135,lung-M28-P01LB135
SAMPLE_0722,lung-P01LB136,lung-M210-P01LB136
SAMPLE_0723,lung-P01LB138,lung-M239-P01LB138
SAMPLE_0724,lung-P01LB142,lung-M64-P01LB142
SAMPLE_0725,lung-P01LB143,lung-M65-P01LB143
SAMPLE_0726,lung-P01LB145,lung-M215-P01LB145
SAMPLE_0727,lung-P01LB146,lung-M12-P01LB146
SAMPLE_0728,lung-P01LB147,lung-M36-P01LB147
SAMPLE_0729,lung-P01LB149,lung-M2-P01LB149
SAMPLE_0730,lung-P01LB151,lung-M17-P01LB151
SAMPLE_0731,lung-P01LB152,lung-M46-P01LB152
SAMPLE_0732,lung-P01LB153,lung-M251-P01LB153
SAMPLE_0733,lung-P01LB154,lung-M175-P01LB154
SAMPLE_0734,lung-P01LB155,lung-M33-P01LB155
SAMPLE_0735,lung-P01LB156,lung-M239-P01LB156
SAMPLE_0736,lung-P01LB158,lung-M38-P01LB158
SAMPLE_0737,lung-P01LB159,lung-M167-P01LB159
SAMPLE_0738,lung-P01LB160,lung-M235-P01LB160
SAMPLE_0739,lung-P01LB161,lung-M194-P01LB161
SAMPLE_0740,lung-P01LB162,lung-M159-P01LB162
SAMPLE_0741,lung-P01LB163,lung-M183-P01LB163
SAMPLE_0742,lung-P01LB165,lung-M209-P01LB165
SAMPLE_0743,lung-P01LB167,lung-M235-P01LB167
SAMPLE_0744,lung-P01LB169,lung-M31-P01LB169
SAMPLE_0745,lung-P01LB170,lung-M239-P01LB170
SAMPLE_0746,lung-P01LB171,lung-M210-P01LB171
SAMPLE_0747,lung-P01LB173,lung-M38-P01LB173
SAMPLE_0748,lung-P01LB175,lung-M70-P01LB175
SAMPLE_0749,lung-P01LB176,lung-M192-P01LB176
SAMPLE_0750,lung-P01LB177,lung-M24-P01LB177
SAMPLE_0751,lung-P01LB178,lung-M192-P01LB178
SAMPLE_0752,lung-P01LB179,lung-M18-P01LB179
SAMPLE_0753,lung-P01LB181,lung-M158-P01LB181
SAMPLE_0754,lung-P01LB183,lung-M63-P01LB183
SAMPLE_0755,lung-P01LB186,lung-M10-P01LB186
SAMPLE_0756,lung-P01LB187,lung-M30-P01LB187
SAMPLE_0757,lung-P01LB188,lung-M16-P01LB188
SAMPLE_0758,lung-P01LB191,lung-M192-P01LB191
SAMPLE_0759,lung-P01LB192,lung-M8-P01LB192
SAMPLE_0760,lung-P01LB196,lung-M62-P01LB196
SAMPLE_0761,lung-P01LB197,lung-M62-P01LB197
SAMPLE_0762,lung-P01LB198,lung-M239-P01LB198
SAMPLE_0763,lung-P01LB204,lung-M31-P01LB204
SAMPLE_0764,lung-P01LB208,lung-M36-P01LB208
SAMPLE_0765,lung-P01LB209,lung-M28-P01LB209
SAMPLE_0766,lung-P01LB210,lung-M210-P01LB210
SAMPLE_0767,lung-P01LB211,lung-M174-P01LB211
SAMPLE_0768,lung-P01LB214,lung-M239-P01LB214
SAMPLE_0769,lung-P01LB216,lung-M174-P01LB216
SAMPLE_0770,lung-P01LB218,lung-M70-P01LB218
SAMPLE_0771,lung-P01LB223,lung-M193-P01LB223
SAMPLE_0772,lung-P01LB225,lung-M194-P01LB225
SAMPLE_0773,lung-P01LB226,lung-M239-P01LB226
SAMPLE_0774,lung-P01LB228,lung-M94-P01LB228
SAMPLE_0775,lung-P01LB230,lung-M24-P01LB230
SAMPLE_0776,lung-P01LB232,lung-M36-P01LB232
SAMPLE_0777,lung-P01LB235,lung-M13-P01LB235
SAMPLE_0778,lung-P01LB236,lung-M174-P01LB236
SAMPLE_0779,lung-P01LB237,lung-M63-P01LB237
SAMPLE_0780,lung-P01LB238,lung-M30-P01LB238
SAMPLE_0781,lung-P01LB241,lung-M168-P01LB241
SAMPLE_0782,lung-P01LB242,lung-M239-P01LB242
SAMPLE_0783,lung-P01LB243,lung-M171-P01LB243
SAMPLE_0784,lung-P01LB244,lung-M173-P01LB244
SAMPLE_0785,lung-P01LB247,lung-M20-P01LB247
SAMPLE_0786,lung-P01LB248,lung-M15-P01LB248
SAMPLE_0787,lung-P01LB251,lung-M159-P01LB251
SAMPLE_0788,lung-P01LB253,lung-M157-P01LB253
SAMPLE_0789,lung-P01LB254,lung-M190-P01LB254
SAMPLE_0790,lung-P01LB255,lung-M33-P01LB255
SAMPLE_0791,lung-P01LB258,lung-M43-P01LB258
SAMPLE_0792,lung-P01LB259,lung-M80-P01LB259
SAMPLE_0793,lung-P01LB260,lung-M15-P01LB260
SAMPLE_0794,lung-P01LB261,lung-M7-P01LB261
SAMPLE_0795,lung-P01LB262,lung-M239-P01LB262
SAMPLE_0796,lung-P01LB263,lung-M239-P01LB263
SAMPLE_0797,lung-P01LB268,lung-M195-P01LB268
SAMPLE_0798,lung-P01LB269,lung-M240-P01LB269
SAMPLE_0799,lung-P01LB271,lung-M193-P01LB271
SAMPLE_0800,lung-P01LB272,lung-M17-P01LB272
SAMPLE_0801,lung-P01LB273,lung-M25-P01LB273
SAMPLE_0802,lung-P01LB275,lung-M25-P01LB275
SAMPLE_0803,lung-P01LB276,lung-M175-P01LB276
SAMPLE_0804,lung-P01LB277,lung-M2-P01LB277
SAMPLE_0805,lung-P01LB280,lung-M70-P01LB280
SAMPLE_0806,lung-P01LB281,lung-M24-P01LB281
SAMPLE_0807,lung-P01LB282,lung-M192-P01LB282
SAMPLE_0808,lung-P01LB283,lung-M26-P01LB283
SAMPLE_0809,lung-P01LB284,lung-M31-P01LB284
SAMPLE_0810,lung-P01LB287,lung-M2-P01LB287
SAMPLE_0811,lung-P01LB289,lung-M39-P01LB289
SAMPLE_0812,lung-P01LB290,lung-M19-P01LB290
SAMPLE_0813,lung-P01LB291,lung-M5-P01LB291
SAMPLE_0814,lung-P01LB293,lung-M205-P01LB293
SAMPLE_0815,lung-P01LB294,lung-M234-P01LB294
SAMPLE_0816,lung-P01LB295,lung-M158-P01LB295
SAMPLE_0817,lung-P01LB300,lung-M63-P01LB300
SAMPLE_0818,lung-P01LB302,lung-M15-P01LB302
SAMPLE_0819,lung-P01LB303,lung-M2-P01LB303
SAMPLE_0820,lung-P01LB304,lung-M159-P01LB304
SAMPLE_0821,lung-P01LB306,lung-M16-P01LB306
SAMPLE_0822,lung-P01LB308,lung-M187-P01LB308
SAMPLE_0823,lung-P01LB309,lung-M81-P01LB309
SAMPLE_0824,lung-P01LB310,lung-M16-P01LB310
SAMPLE_0825,lung-P01LB311,lung-M1-P01LB311
SAMPLE_0826,lung-P01LB313,lung-M37-P01LB313
SAMPLE_0827,lung-P01LB315,lung-M245-P01LB315
SAMPLE_0828,lung-P01LB316,lung-M218-P01LB316
SAMPLE_0829,lung-P01LB317,lung-M245-P01LB317
SAMPLE_0830,lung-P01LB318,lung-M215-P01LB318
SAMPLE_0831,lung-P01LB320,lung-M190-P01LB320
SAMPLE_0832,lung-P01LB321,lung-M15-P01LB321
SAMPLE_0833,lung-P01LB323,lung-M240-P01LB323
SAMPLE_0834,lung-P01LB326,lung-M43-P01LB326
SAMPLE_0835,lung-P01LB328,lung-M21-P01LB328
SAMPLE_0836,lung-P01LB330,lung-M251-P01LB330
SAMPLE_0837,lung-P01LB331,lung-M218-P01LB331
SAMPLE_0838,lung-P01LB332,lung-M21-P01LB332
SAMPLE_0839,lung-P01LB337,lung-M240-P01LB337
SAMPLE_0840,lung-P01LB339,lung-M21-P01LB339
SAMPLE_0841,lung-P01LB340,lung-M14-P01LB340
SAMPLE_0842,lung-P01LB350,lung-M171-P01LB350
SAMPLE_0843,lung-P01LB354,lung-M240-P01LB354
SAMPLE_0844,lung-P01LB355,lung-M16-P01LB355
SAMPLE_0845,lung-P01LB356,lung-M199-P01LB356
SAMPLE_0846,lung-P01LB357,lung-M240-P01LB357
SAMPLE_0847,lung-P01LB360,lung-M32-P01LB360
SAMPLE_0848,lung-P01LB371,lung-M58-P01LB371
SAMPLE_0849,lung-P01LB373,lung-M240-P01LB373
SAMPLE_0850,lung-P01LB374,lung-M27-P01LB374
SAMPLE_0851,lung-P01LB384,lung-M205-P01LB384
SAMPLE_0852,lung-P01LB385,lung-M18-P01LB385
SAMPLE_0853,lung-P01LB386,lung-M172-P01LB386
SAMPLE_0854,lung-P01LB388,lung-M240-P01LB388
SAMPLE_0855,lung-P01LB389,lung-M171-P01LB389
SAMPLE_0856,lung-P01LB391,lung-M177-P01LB391
SAMPLE_0857,lung-P01LB392,lung-M241-P01LB392
SAMPLE_0858,lung-P01LB398,lung-M173-P01LB398
SAMPLE_0859,lung-P01LB403,lung-M237-P01LB403
SAMPLE_0860,lung-P01LB405,lung-M19-P01LB405
SAMPLE_0861,lung-P01LB409,lung-M28-P01LB409
SAMPLE_0862,lung-P01LB413,lung-M204-P01LB413
SAMPLE_0863,lung-P01LB414,lung-M203-P01LB414
SAMPLE_0864,lung-P01LB416,lung-M80-P01LB416
SAMPLE_0865,lung-P01LB420,lung-M245-P01LB420
SAMPLE_0866,lung-P01LB421,lung-M251-P01LB421
SAMPLE_0867,lung-P01LB423,lung-M240-P01LB423
SAMPLE_0868,lung-P01LB426,lung-M13-P01LB426
SAMPLE_0869,lung-P01LB429,lung-M37-P01LB429
SAMPLE_0870,lung-P01LB431,lung-M204-P01LB431
SAMPLE_0871,lung-P01LB432,lung-M241-P01LB432
SAMPLE_0872,lung-P01LB441,lung-M8-P01LB441
SAMPLE_0873,lung-P01LB446,lung-M22-P01LB446
SAMPLE_0874,lung-P01LB447,lung-M32-P01LB447
SAMPLE_0875,lung-P01LB448,lung-M17-P01LB448
SAMPLE_0876,lung-P01LB449,lung-M40-P01LB449
SAMPLE_0877,lung-P01LB450,lung-M7-P01LB450
SAMPLE_0878,lung-P01LB451,lung-M9-P01LB451
SAMPLE_0879,lung-P01LB452,lung-M202-P01LB452
SAMPLE_0880,lung-P01LB454,lung-M25-P01LB454
SAMPLE_0881,lung-P01LB455,lung-M32-P01LB455
SAMPLE_0882,lung-P01LB457,lung-M23-P01LB457
SAMPLE_0883,lung-P01LB458,lung-M32-P01LB458
SAMPLE_0884,lung-P01LB459,lung-M193-P01LB459
SAMPLE_0885,lung-P01LB462,lung-M215-P01LB462
SAMPLE_0886,lung-P01LB463,lung-M10-P01LB463
SAMPLE_0887,lung-P01LB464,lung-M240-P01LB464
SAMPLE_0888,lung-P01LB466,lung-M32-P01LB466
SAMPLE_0889,lung-P01LB475,lung-M34-P01LB475
SAMPLE_0890,lung-P01LB480,lung-M31-P01LB480
SAMPLE_0891,lung-P01LB481,lung-M191-P01LB481
SAMPLE_0892,lung-P01LB482,lung-M241-P01LB482
SAMPLE_0893,lung-P01LB483,lung-M5-P01LB483
SAMPLE_0894,lung-P01LB484,lung-M241-P01LB484
SAMPLE_0895,lung-P01LB485,lung-M42-P01LB485
SAMPLE_0896,lung-P01LB488,lung-M214-P01LB488
SAMPLE_0897,lung-P01LB489,lung-M251-P01LB489
SAMPLE_0898,lung-P01LB490,lung-M236-P01LB490
SAMPLE_0899,lung-P01LB492,lung-M24-P01LB492
SAMPLE_0900,lung-P01LB493,lung-M241-P01LB493
SAMPLE_0901,lung-P01LB494,lung-M212-P01LB494
SAMPLE_0902,lung-P01LB496,lung-M241-P01LB496
SAMPLE_0903,lung-P01LB497,lung-M10-P01LB497
SAMPLE_0904,lung-P01LB498,lung-M45-P01LB498
SAMPLE_0905,lung-P01LB501,lung-M28-P01LB501
SAMPLE_0906,lung-P01LB502,lung-M191-P01LB502
SAMPLE_0907,lung-P01LB503,lung-M36-P01LB503
SAMPLE_0908,lung-P01LB504,lung-M42-P01LB504
SAMPLE_0909,lung-P01LB505,lung-M218-P01LB505
SAMPLE_0910,lung-P01LB509,lung-M46-P01LB509
SAMPLE_0911,lung-P01LB511,lung-M206-P01LB511
SAMPLE_0912,lung-P01LB515,lung-M245-P01LB515
SAMPLE_0913,lung-P01LB519,lung-M252-P01LB519
SAMPLE_0914,lung-P01LB523,lung-M33-P01LB523
SAMPLE_0915,lung-P01LB524,lung-M205-P01LB524
SAMPLE_0916,lung-P01LB525,lung-M18-P01LB525
SAMPLE_0917,lung-P01LB527,lung-M164-P01LB527
SAMPLE_0918,lung-P01LB533,lung-M40-P01LB533
SAMPLE_0919,lung-P01LB534,lung-M28-P01LB534
SAMPLE_0920,lung-P01LB536,lung-M33-P01LB536
SAMPLE_0921,lung-P01LB537,lung-M241-P01LB537
SAMPLE_0922,lung-P01LB538,lung-M233-P01LB538
SAMPLE_0923,lung-P01LB551,lung-M40-P01LB551
SAMPLE_0924,lung-P01LB553,lung-M171-P01LB553
SAMPLE_0925,lung-P01LB555,lung-M37-P01LB555
SAMPLE_0926,lung-P01LB557,lung-M174-P01LB557
SAMPLE_0927,lung-P01LB559,lung-M209-P01LB559
SAMPLE_0928,lung-P01LB560,lung-M169-P01LB560
SAMPLE_0929,lung-P01LB561,lung-M205-P01LB561
SAMPLE_0930,lung-P01LB563,lung-M41-P01LB563
SAMPLE_0931,lung-P01LB566,lung-M173-P01LB566
SAMPLE_0932,lung-P01LB567,lung-M241-P01LB567
SAMPLE_0933,lung-P01LB569,lung-M183-P01LB569
SAMPLE_0934,lung-P01LB575,lung-M252-P01LB575
SAMPLE_0935,lung-P01LB576,lung-M33-P01LB576
SAMPLE_0936,lung-P01LB577,lung-M199-P01LB577
SAMPLE_0937,lung-P01LB579,lung-M30-P01LB579
SAMPLE_0938,lung-P01LB582,lung-M184-P01LB582
SAMPLE_0939,lung-P01LB583,lung-M30-P01LB583
SAMPLE_0940,lung-P01LB584,lung-M34-P01LB584
SAMPLE_0941,lung-P01LB585,lung-M11-P01LB585
SAMPLE_0942,lung-P01LB586,lung-M200-P01LB586
SAMPLE_0943,lung-P01LB588,lung-M200-P01LB588
SAMPLE_0944,lung-P01LB591,lung-M200-P01LB591
SAMPLE_0945,lung-P01LB593,lung-M33-P01LB593
SAMPLE_0946,lung-P01LB594,lung-M202-P01LB594
SAMPLE_0947,lung-P01LB595,lung-M220-P01LB595
SAMPLE_0948,lung-P01LB598,lung-M10-P01LB598
SAMPLE_0949,lung-P01LB601,lung-M13-P01LB601
SAMPLE_0950,lung-P01LB605,lung-M27-P01LB605
SAMPLE_0951,lung-P01LB607,lung-M213-P01LB607
SAMPLE_0952,lung-P01LB608,lung-M213-P01LB608
SAMPLE_0953,lung-P01LB609,lung-M35-P01LB609
SAMPLE_0954,lung-P01LB612,lung-M241-P01LB612
SAMPLE_0955,lung-P01LB613,lung-M41-P01LB613
SAMPLE_0956,lung-P01LB615,lung-M41-P01LB615
SAMPLE_0957,lung-P01LB616,lung-M192-P01LB616
SAMPLE_0958,lung-P01LB617,lung-M228-P01LB617
SAMPLE_0959,lung-P01LB618,lung-M34-P01LB618
SAMPLE_0960,lung-P01LB619,lung-M160-P01LB619
SAMPLE_0961,lung-P01LB621,lung-M12-P01LB621
SAMPLE_0962,lung-P01LB623,lung-M44-P01LB623
SAMPLE_0963,lung-P01LB625,lung-M185-P01LB625
SAMPLE_0964,lung-P01LB626,lung-M242-P01LB626
SAMPLE_0965,lung-P01LB627,lung-M215-P01LB627
SAMPLE_0966,lung-P01LB628,lung-M225-P01LB628
SAMPLE_0967,lung-P01LB632,lung-M241-P01LB632
SAMPLE_0968,lung-P01LB633,lung-M177-P01LB633
SAMPLE_0969,lung-P01LB636,lung-M11-P01LB636
SAMPLE_0970,lung-P01LB637,lung-M193-P01LB637
SAMPLE_0971,lung-P01LB640,lung-M43-P01LB640
SAMPLE_0972,lung-P01LB642,lung-M242-P01LB642
SAMPLE_0973,lung-P01LB643,lung-M195-P01LB643
SAMPLE_0974,lung-P01LB645,lung-M204-P01LB645
SAMPLE_0975,lung-P01LB646,lung-M245-P01LB646
SAMPLE_0976,lung-P01LB648,lung-M35-P01LB648
SAMPLE_0977,lung-P01LB651,lung-M242-P01LB651
SAMPLE_0978,lung-P01LB656,lung-M209-P01LB656
SAMPLE_0979,lung-P01LB658,lung-M164-P01LB658
SAMPLE_0980,lung-P01LB660,lung-M204-P01LB660
SAMPLE_0981,lung-P01LB662,lung-M176-P01LB662
SAMPLE_0982,lung-P01LB663,lung-M198-P01LB663
SAMPLE_0983,lung-P01LB664,lung-M245-P01LB664
SAMPLE_0984,lung-P01LB666,lung-M178-P01LB666
SAMPLE_0985,lung-P01LB667,lung-M188-P01LB667
SAMPLE_0986,lung-P01LB670,lung-M188-P01LB670
SAMPLE_0987,lung-P01LB672,lung-M225-P01LB672
SAMPLE_0988,lung-P01LB673,lung-M141-P01LB673
SAMPLE_0989,lung-P01LB677,lung-M245-P01LB677
SAMPLE_0990,lung-P01LB679,lung-M227-P01LB679
SAMPLE_0991,lung-P01LB686,lung-M206-P01LB686
SAMPLE_0992,lung-P01LB689,lung-M225-P01LB689
SAMPLE_0993,lung-P01LB691,lung-M197-P01LB691
SAMPLE_0994,lung-P01LB695,lung-M242-P01LB695
SAMPLE_0995,lung-P01LB696,lung-M188-P01LB696
SAMPLE_0996,lung-P01LB697,lung-M227-P01LB697
SAMPLE_0997,lung-P01LB698,lung-M245-P01LB698
SAMPLE_0998,lung-P01LB699,lung-M246-P01LB699
SAMPLE_0999,lung-P01LB702,lung-M4-P01LB702
SAMPLE_1000,lung-P01LB703,lung-M202-P01LB703
SAMPLE_1001,lung-P01LB704,lung-M232-P01LB704
SAMPLE_1002,lung-P01LB705,lung-M181-P01LB705
SAMPLE_1003,lung-P01LB706,lung-M173-P01LB706
SAMPLE_1004,lung-P01LB707,lung-M181-P01LB707
SAMPLE_1005,lung-P01LB708,lung-M204-P01LB708
SAMPLE_1006,lung-P01LB714,lung-M218-P01LB714
SAMPLE_1007,lung-P01LB716,lung-M246-P01LB716
SAMPLE_1008,lung-P01LB720,lung-M226-P01LB720
SAMPLE_1009,lung-P01LB722,lung-M226-P01LB722
SAMPLE_1010,lung-P01LB726,lung-M229-P01LB726
SAMPLE_1011,lung-P01LB728,lung-M212-P01LB728
SAMPLE_1012,lung-P01LB729,lung-M207-P01LB729
SAMPLE_1013,lung-P01LB730,lung-M224-P01LB730
SAMPLE_1014,lung-P01LB735,lung-M99-P01LB735
SAMPLE_1015,lung-P01LB736,lung-M237-P01LB736
SAMPLE_1016,lung-P01LB737,lung-M186-P01LB737
SAMPLE_1017,lung-P01LB738,lung-M228-P01LB738
SAMPLE_1018,lung-P01LB740,lung-M221-P01LB740
SAMPLE_1019,lung-P01LB741,lung-M197-P01LB741
SAMPLE_1020,lung-P01LB742,lung-M36-P01LB742
SAMPLE_1021,lung-P01LB743,lung-M37-P01LB743
SAMPLE_1022,lung-P01LB747,lung-M246-P01LB747
SAMPLE_1023,lung-P01LB755,lung-M242-P01LB755
SAMPLE_1024,lung-P01LB756,lung-M183-P01LB756
SAMPLE_1025,lung-P01LB757,lung-M189-P01LB757
SAMPLE_1026,lung-P01LB760,lung-M35-P01LB760
SAMPLE_1027,lung-P01LB761,lung-M174-P01LB761
SAMPLE_1028,lung-P01LB762,lung-M43-P01LB762
SAMPLE_1029,lung-P01LB764,lung-M177-P01LB764
SAMPLE_1030,lung-P01LB769,lung-M172-P01LB769
SAMPLE_1031,lung-P01LB771,lung-M42-P01LB771
SAMPLE_1032,lung-P01LB772,lung-M139-P01LB772
SAMPLE_1033,lung-P01LB773,lung-M183-P01LB773
SAMPLE_1034,lung-P01LB775,lung-M172-P01LB775
SAMPLE_1035,lung-P01LB778,lung-M209-P01LB778
SAMPLE_1036,lung-P01LB779,lung-M34-P01LB779
SAMPLE_1037,lung-P01LB780,lung-M172-P01LB780
SAMPLE_1038,lung-P01LB783,lung-M242-P01LB783
SAMPLE_1039,lung-P01LB785,lung-M35-P01LB785
SAMPLE_1040,lung-P01LB787,lung-M190-P01LB787
SAMPLE_1041,lung-P01LB790,lung-M242-P01LB790
SAMPLE_1042,lung-P01LB796,lung-M242-P01LB796
SAMPLE_1043,lung-P01LB802,lung-M9-P01LB802
SAMPLE_1044,lung-P01LB804,lung-M222-P01LB804
SAMPLE_1045,lung-P01LB805,lung-M176-P01LB805
SAMPLE_1046,lung-P01LB806,lung-M242-P01LB806
SAMPLE_1047,lung-P01LB808,lung-M190-P01LB808
SAMPLE_1048,lung-P01LB811,lung-M177-P01LB811
SAMPLE_1049,lung-P01LB812,lung-M242-P01LB812
SAMPLE_1050,lung-P01LB813,lung-M35-P01LB813
SAMPLE_1051,lung-P01LB814,lung-M35-P01LB814
SAMPLE_1052,lung-P01LB815,lung-M43-P01LB815
SAMPLE_1053,lung-P01LB817,lung-M34-P01LB817
SAMPLE_1054,lung-P01LB818,lung-M34-P01LB818
SAMPLE_1055,lung-P01LB820,lung-M205-P01LB820
SAMPLE_1056,lung-P01LB821,lung-M246-P01LB821
SAMPLE_1057,lung-P01LB826,lung-M43-P01LB826
SAMPLE_1058,lung-P01LB827,lung-M243-P01LB827
SAMPLE_1059,lung-P01LB828,lung-M35-P01LB828
SAMPLE_1060,lung-P01LB829,lung-M172-P01LB829
SAMPLE_1061,lung-P01LB832,lung-M11-P01LB832
SAMPLE_1062,lung-P01LB834,lung-M243-P01LB834
SAMPLE_1063,lung-P01LB835,lung-M38-P01LB835
SAMPLE_1064,lung-P01LB839,lung-M222-P01LB839
SAMPLE_1065,lung-P01LB841,lung-M158-P01LB841
SAMPLE_1066,lung-P01LB843,lung-M42-P01LB843
SAMPLE_1067,lung-P01LB845,lung-M38-P01LB845
SAMPLE_1068,lung-P01LB849,lung-M42-P01LB849
SAMPLE_1069,lung-P01LB853,lung-M222-P01LB853
SAMPLE_1070,lung-P01LB859,lung-M30-P01LB859
SAMPLE_1071,lung-P01LB860,lung-M29-P01LB860
SAMPLE_1072,lung-P01LB863,lung-M243-P01LB863
SAMPLE_1073,lung-P01LB868,lung-M30-P01LB868
SAMPLE_1074,lung-P01LB869,lung-M227-P01LB869
SAMPLE_1075,lung-P01LB870,lung-M30-P01LB870
SAMPLE_1076,lung-P01LB871,lung-M230-P01LB871
SAMPLE_1077,lung-P01LB872,lung-M246-P01LB872
SAMPLE_1078,lung-P01LB875,lung-M246-P01LB875
SAMPLE_1079,lung-P01LB877,lung-M174-P01LB877
SAMPLE_1080,lung-P01LB878,lung-M185-P01LB878
SAMPLE_1081,lung-P01LB880,lung-M215-P01LB880
SAMPLE_1082,lung-P01LB881,lung-M219-P01LB881
SAMPLE_1083,lung-P01LB882,lung-M31-P01LB882
SAMPLE_1084,lung-P01LB884,lung-M209-P01LB884
SAMPLE_1085,lung-P01LB886,lung-M197-P01LB886
SAMPLE_1086,lung-P01LB888,lung-M174-P01LB888
SAMPLE_1087,lung-P01LB889,lung-M6-P01LB889
SAMPLE_1088,lung-P01LB890,lung-M9-P01LB890
SAMPLE_1089,lung-P01LB891,lung-M8-P01LB891
SAMPLE_1090,lung-P01LB892,lung-M40-P01LB892
SAMPLE_1091,lung-P01LB895,lung-M7-P01LB895
SAMPLE_1092,lung-P01LB896,lung-M176-P01LB896
SAMPLE_1093,lung-P01LB898,lung-M228-P01LB898
SAMPLE_1094,lung-P01LB899,lung-M204-P01LB899
SAMPLE_1095,lung-P01LB901,lung-M204-P01LB901
SAMPLE_1096,lung-P01LB902,lung-M207-P01LB902
SAMPLE_1097,lung-P01LB903,lung-M246-P01LB903
SAMPLE_1098,lung-P01LB904,lung-M177-P01LB904
SAMPLE_1099,lung-P01LB910,lung-M189-P01LB910
SAMPLE_1100,lung-P01LB911,lung-M187-P01LB911
SAMPLE_1101,lung-P01LB912,lung-M243-P01LB912
SAMPLE_1102,lung-P01LB913,lung-M4-P01LB913
SAMPLE_1103,lung-P01LB915,lung-M111-P01LB915
SAMPLE_1104,lung-P01LB916,lung-M252-P01LB916
SAMPLE_1105,lung-P01LB917,lung-M203-P01LB917
SAMPLE_1106,lung-P01LB918,lung-M234-P01LB918
SAMPLE_1107,lung-P01LB919,lung-M183-P01LB919
SAMPLE_1108,lung-P01LB921,lung-M215-P01LB921
SAMPLE_1109,lung-P01LB922,lung-M229-P01LB922
SAMPLE_1110,lung-P01LB924,lung-M246-P01LB924
SAMPLE_1111,lung-P01LB925,lung-M214-P01LB925
SAMPLE_1112,lung-P01LB928,lung-M13-P01LB928
SAMPLE_1113,lung-P01LB929,lung-M203-P01LB929
SAMPLE_1114,lung-P01LB931,lung-M44-P01LB931
SAMPLE_1115,lung-P01LB932,lung-M24-P01LB932
SAMPLE_1116,lung-P01LB933,lung-M176-P01LB933
SAMPLE_1117,lung-P01LB936,lung-M176-P01LB936
SAMPLE_1118,lung-P01LB937,lung-M203-P01LB937
SAMPLE_1119,lung-P01LB944,lung-M45-P01LB944
SAMPLE_1120,lung-P01LB946,lung-M21-P01LB946
SAMPLE_1121,lung-P01LB948,lung-M11-P01LB948
SAMPLE_1122,lung-P01LB949,lung-M39-P01LB949
SAMPLE_1123,lung-P01LB951,lung-M191-P01LB951
SAMPLE_1124,lung-P01LB952,lung-M247-P01LB952
SAMPLE_1125,lung-P01LB953,lung-M219-P01LB953
SAMPLE_1126,lung-P01LB955,lung-M191-P01LB955
SAMPLE_1127,lung-P01LB957,lung-M218-P01LB957
SAMPLE_1128,lung-P01LB961,lung-M184-P01LB961
SAMPLE_1129,lung-P01LB964,lung-M13-P01LB964
SAMPLE_1130,lung-P01LB965,lung-M32-P01LB965
SAMPLE_1131,lung-P01LB967,lung-M185-P01LB967
SAMPLE_1132,lung-P01LB968,lung-M197-P01LB968
SAMPLE_1133,lung-P01LB970,lung-M214-P01LB970
SAMPLE_1134,lung-P01LB972,lung-M197-P01LB972
SAMPLE_1135,lung-P01LB973,lung-M236-P01LB973
SAMPLE_1136,lung-P01LB974,lung-M203-P01LB974
SAMPLE_1137,lung-P01LB975,lung-M252-P01LB975
SAMPLE_1138,lung-P01LB978,lung-M197-P01LB978
SAMPLE_1139,lung-P01LB979,lung-M13-P01LB979
SAMPLE_1140,lung-P01LB980,lung-M32-P01LB980
SAMPLE_1141,lung-P01LB983,lung-M243-P01LB983
SAMPLE_1142,lung-P01LB984,lung-M196-P01LB984
SAMPLE_1143,lung-P01LB986,lung-M18-P01LB986
SAMPLE_1144,lung-P01LB987,lung-M247-P01LB987
SAMPLE_1145,lung-P01LB988,lung-M208-P01LB988
SAMPLE_1146,lung-P01LB989,lung-M39-P01LB989
SAMPLE_1147,lung-P01LB991,lung-M247-P01LB991
SAMPLE_1148,lung-P01LB992,lung-M142-P01LB992
SAMPLE_1149,lung-P01LB994,lung-M197-P01LB994
SAMPLE_1150,lung-P01LB995,lung-M178-P01LB995
SAMPLE_1151,lung-P01LB996,lung-M32-P01LB996
SAMPLE_1152,lung-P01LB999,lung-M243-P01LB999
SAMPLE_1153,lung-P01LC002,lung-M187-P01LC002
SAMPLE_1154,lung-P01LC003,lung-M39-P01LC003
SAMPLE_1155,lung-P01LC004,lung-M14-P01LC004
SAMPLE_1156,lung-P01LC005,lung-M197-P01LC005
SAMPLE_1157,lung-P01LC007,lung-M31-P01LC007
SAMPLE_1158,lung-P01LC008,lung-M195-P01LC008
SAMPLE_1159,lung-P01LC009,lung-M190-P01LC009
SAMPLE_1160,lung-P01LC010,lung-M243-P01LC010
SAMPLE_1161,lung-P01LC011,lung-M10-P01LC011
SAMPLE_1162,lung-P01LC012,lung-M24-P01LC012
SAMPLE_1163,lung-P01LC013,lung-M243-P01LC013
SAMPLE_1164,lung-P01LC015,lung-M8-P01LC015
SAMPLE_1165,lung-P01LC019,lung-M5-P01LC019
SAMPLE_1166,lung-P01LC021,lung-M225-P01LC021
SAMPLE_1167,lung-P01LC022,lung-M11-P01LC022
SAMPLE_1168,lung-P01LC024,lung-M31-P01LC024
SAMPLE_1169,lung-P01LC025,lung-M46-P01LC025
SAMPLE_1170,lung-P01LC026,lung-M194-P01LC026
SAMPLE_1171,lung-P01LC027,lung-M70-P01LC027
SAMPLE_1172,lung-P01LC029,lung-M225-P01LC029
SAMPLE_1173,lung-P01LC030,lung-M4-P01LC030
SAMPLE_1174,lung-P01LC031,lung-M44-P01LC031
SAMPLE_1175,lung-P01LC032,lung-M45-P01LC032
SAMPLE_1176,lung-P01LC033,lung-M206-P01LC033
SAMPLE_1177,lung-P01LC034,lung-M224-P01LC034
SAMPLE_1178,lung-P01LC035,lung-M218-P01LC035
SAMPLE_1179,lung-P01LC037,lung-M28-P01LC037
SAMPLE_1180,lung-P01LC038,lung-M22-P01LC038
SAMPLE_1181,lung-P01LC039,lung-M14-P01LC039
SAMPLE_1182,lung-P01LC043,lung-M26-P01LC043
SAMPLE_1183,lung-P01LC045,lung-M213-P01LC045
SAMPLE_1184,lung-P01LC046,lung-M23-P01LC046
SAMPLE_1185,lung-P01LC047,lung-M247-P01LC047
SAMPLE_1186,lung-P01LC049,lung-M43-P01LC049
SAMPLE_1187,lung-P01LC051,lung-M213-P01LC051
SAMPLE_1188,lung-P01LC052,lung-M178-P01LC052
SAMPLE_1189,lung-P01LC054,lung-M185-P01LC054
SAMPLE_1190,lung-P01LC056,lung-M176-P01LC056
SAMPLE_1191,lung-P01LC057,lung-M4-P01LC057
SAMPLE_1192,lung-P01LC058,lung-M243-P01LC058
SAMPLE_1193,lung-P01LC068,lung-M226-P01LC068
SAMPLE_1194,lung-P01LC073,lung-M97-P01LC073
SAMPLE_1195,lung-P01LC085,lung-M189-P01LC085
SAMPLE_1196,lung-P01LC091,lung-M96-P01LC091
SAMPLE_1197,lung-P01LC103,lung-M97-P01LC103
SAMPLE_1198,lung-P01LC108,lung-M189-P01LC108
SAMPLE_1199,lung-P01LC114,lung-M130-P01LC114
SAMPLE_1200,lung-P01LC130,lung-M227-P01LC130
SAMPLE_1201,lung-P01LC134,lung-M253-P01LC134
SAMPLE_1202,lung-P01LC135,lung-M180-P01LC135
SAMPLE_1203,lung-P01LC144,lung-M180-P01LC144
SAMPLE_1204,lung-P01LC160,lung-M87-P01LC160
SAMPLE_1205,lung-P01LC168,lung-M188-P01LC168
SAMPLE_1206,lung-P01LC172,lung-M179-P01LC172
SAMPLE_1207,lung-P01LC173,lung-M186-P01LC173
SAMPLE_1208,lung-P01LC179,lung-M184-P01LC179
SAMPLE_1209,lung-P01LC182,lung-M180-P01LC182
SAMPLE_1210,lung-P01LC184,lung-M247-P01LC184
SAMPLE_1211,lung-P01LC185,lung-M93-P01LC185
SAMPLE_1212,lung-P01LC186,lung-M99-P01LC186
SAMPLE_1213,lung-P01LC192,lung-M97-P01LC192
SAMPLE_1214,lung-P01LC197,lung-M247-P01LC197
SAMPLE_1215,lung-P01LC200,lung-M186-P01LC200
SAMPLE_1216,lung-P01LC205,lung-M179-P01LC205
SAMPLE_1217,lung-P01LC209,lung-M139-P01LC209
SAMPLE_1218,lung-P01LC210,lung-M180-P01LC210
SAMPLE_1219,lung-P01LC212,lung-M229-P01LC212
SAMPLE_1220,lung-P01LC213,lung-M87-P01LC213
SAMPLE_1221,lung-P01LC216,lung-M221-P01LC216
SAMPLE_1222,lung-P01LC230,lung-M207-P01LC230
SAMPLE_1223,lung-P01LC232,lung-M37-P01LC232
SAMPLE_1224,lung-P01LC233,lung-M214-P01LC233
SAMPLE_1225,lung-P01LC234,lung-M183-P01LC234
SAMPLE_1226,lung-P01LC238,lung-M229-P01LC238
SAMPLE_1227,lung-P01LC244,lung-M221-P01LC244
SAMPLE_1228,lung-P01LC250,lung-M94-P01LC250
SAMPLE_1229,lung-P01LC258,lung-M226-P01LC258
SAMPLE_1230,lung-P01LC260,lung-M94-P01LC260
SAMPLE_1231,lung-P01LC262,lung-M179-P01LC262
SAMPLE_1232,lung-P01LC263,lung-M180-P01LC263
SAMPLE_1233,lung-P01LC265,lung-M91-P01LC265
SAMPLE_1234,lung-P01LC274,lung-M84-P01LC274
SAMPLE_1235,lung-P01LC295,lung-M92-P01LC295
SAMPLE_1236,lung-P01LC296,lung-M89-P01LC296
SAMPLE_1237,lung-P01LC301,lung-M92-P01LC301
SAMPLE_1238,lung-P01LC315,lung-M91-P01LC315
SAMPLE_1239,lung-P01LC323,lung-M84-P01LC323
SAMPLE_1240,lung-P01LC342,lung-M84-P01LC342
SAMPLE_1241,lung-P01LC391,lung-M95-P01LC391
SAMPLE_1242,lung-P01LC398,lung-M84-P01LC398
SAMPLE_1243,lung-P01LC409,lung-M89-P01LC409
SAMPLE_1244,lung-P01LC411,lung-M87-P01LC411
SAMPLE_1245,lung-P01LC416,lung-M90-P01LC416
SAMPLE_1246,lung-P01LC456,lung-M95-P01LC456
SAMPLE_1247,lung-P01LC465,lung-M90-P01LC465
SAMPLE_1248,lung-P01LC476,lung-M194-P01LC476
SAMPLE_1249,lung-P01LC477,lung-M213-P01LC477
SAMPLE_1250,lung-P01LC478,lung-M212-P01LC478
SAMPLE_1251,lung-P01LC479,lung-M212-P01LC479
SAMPLE_1252,lung-P01LC480,lung-M224-P01LC480
SAMPLE_1253,lung-P01LC484,lung-M214-P01LC484
SAMPLE_1254,lung-P01LC486,lung-M247-P01LC486
SAMPLE_1255,lung-P01LC489,lung-M219-P01LC489
SAMPLE_1256,lung-P01LC490,lung-M175-P01LC490
SAMPLE_1257,lung-P01LC495,lung-M218-P01LC495
SAMPLE_1258,lung-P01LC497,lung-M214-P01LC497
SAMPLE_1259,lung-P01LC500,lung-M175-P01LC500
SAMPLE_1260,lung-P01LC501,lung-M234-P01LC501
SAMPLE_1261,lung-P01LC504,lung-M206-P01LC504
SAMPLE_1262,lung-P01LC505,lung-M220-P01LC505
SAMPLE_1263,lung-P01LC509,lung-M212-P01LC509
SAMPLE_1264,lung-P01LC512,lung-M231-P01LC512
SAMPLE_1265,lung-P01LC513,lung-M176-P01LC513
SAMPLE_1266,lung-P01LC514,lung-M43-P01LC514
SAMPLE_1267,lung-P01LC515,lung-M228-P01LC515
SAMPLE_1268,lung-P01LC516,lung-M201-P01LC516
SAMPLE_1269,lung-P01LC517,lung-M175-P01LC517
SAMPLE_1270,lung-P01LC519,lung-M247-P01LC519
SAMPLE_1271,lung-P01LC520,lung-M192-P01LC520
SAMPLE_1272,lung-P01LC523,lung-M212-P01LC523
SAMPLE_1273,lung-P01LC526,lung-M139-P01LC526
SAMPLE_1274,lung-P01LC528,lung-M164-P01LC528
SAMPLE_1275,lung-P01LC530,lung-M243-P01LC530
SAMPLE_1276,lung-P01LC531,lung-M177-P01LC531
SAMPLE_1277,lung-P01LC532,lung-M195-P01LC532
SAMPLE_1278,lung-P01LC533,lung-M248-P01LC533
SAMPLE_1279,lung-P01LC534,lung-M207-P01LC534
SAMPLE_1280,lung-P01LC536,lung-M220-P01LC536
SAMPLE_1281,lung-P01LC537,lung-M142-P01LC537
SAMPLE_1282,lung-P01LC538,lung-M185-P01LC538
SAMPLE_1283,lung-P01LC539,lung-M207-P01LC539
SAMPLE_1284,lung-P01LC544,lung-M185-P01LC544
SAMPLE_1285,lung-P01LC545,lung-M200-P01LC545
SAMPLE_1286,lung-P01LC546,lung-M212-P01LC546
SAMPLE_1287,lung-P01LC549,lung-M221-P01LC549
SAMPLE_1288,lung-P01LC552,lung-M200-P01LC552
SAMPLE_1289,lung-P01LC553,lung-M198-P01LC553
SAMPLE_1290,lung-P01LC554,lung-M207-P01LC554
SAMPLE_1291,lung-P01LC556,lung-M248-P01LC556
SAMPLE_1292,lung-P01LC557,lung-M157-P01LC557
SAMPLE_1293,lung-P01LC558,lung-M198-P01LC558
SAMPLE_1294,lung-P01LC561,lung-M196-P01LC561
SAMPLE_1295,lung-P01LC563,lung-M213-P01LC563
SAMPLE_1296,lung-P01LC566,lung-M202-P01LC566
SAMPLE_1297,lung-P01LC567,lung-M4-P01LC567
SAMPLE_1298,lung-P01LC568,lung-M185-P01LC568
SAMPLE_1299,lung-P01LC569,lung-M248-P01LC569
SAMPLE_1300,lung-P01LC572,lung-M185-P01LC572
SAMPLE_1301,lung-P01LC573,lung-M237-P01LC573
SAMPLE_1302,lung-P01LC574,lung-M248-P01LC574
SAMPLE_1303,lung-P01LC575,lung-M45-P01LC575
SAMPLE_1304,lung-P01LC580,lung-M163-P01LC580
SAMPLE_1305,lung-P01LC584,lung-M93-P01LC584
SAMPLE_1306,lung-P01LC597,lung-M96-P01LC597
SAMPLE_1307,lung-P01LC613,lung-M108-P01LC613
SAMPLE_1308,lung-P01LC629,lung-M93-P01LC629
SAMPLE_1309,lung-P01LC648,lung-M244-P01LC648
SAMPLE_1310,lung-P01LC679,lung-M188-P01LC679
SAMPLE_1311,lung-P01LC684,lung-M141-P01LC684
SAMPLE_1312,lung-P01LC686,lung-M184-P01LC686
SAMPLE_1313,lung-P01LC693,lung-M179-P01LC693
SAMPLE_1314,lung-P01LC703,lung-M83-P01LC703
SAMPLE_1315,lung-P01LC705,lung-M96-P01LC705
SAMPLE_1316,lung-P01LC706,lung-M184-P01LC706
SAMPLE_1317,lung-P01LC709,lung-M37-P01LC709
SAMPLE_1318,lung-P01LC710,lung-M96-P01LC710
SAMPLE_1319,lung-P01LC713,lung-M227-P01LC713
SAMPLE_1320,lung-P01LC714,lung-M182-P01LC714
SAMPLE_1321,lung-P01LC715,lung-M25-P01LC715
SAMPLE_1322,lung-P01LC716,lung-M98-P01LC716
SAMPLE_1323,lung-P01LC718,lung-M248-P01LC718
SAMPLE_1324,lung-P01LC721,lung-M130-P01LC721
SAMPLE_1325,lung-P01LC725,lung-M39-P01LC725
SAMPLE_1326,lung-P01LC728,lung-M164-P01LC728
SAMPLE_1327,lung-P01LC732,lung-M186-P01LC732
SAMPLE_1328,lung-P01LC736,lung-M178-P01LC736
SAMPLE_1329,lung-P01LC741,lung-M230-P01LC741
SAMPLE_1330,lung-P01LC749,lung-M196-P01LC749
SAMPLE_1331,lung-P01LC750,lung-M229-P01LC750
SAMPLE_1332,lung-P01LC752,lung-M180-P01LC752
SAMPLE_1333,lung-P01LC758,lung-M85-P01LC758
SAMPLE_1334,lung-P01LC764,lung-M26-P01LC764
SAMPLE_1335,lung-P01LC766,lung-M207-P01LC766
SAMPLE_1336,lung-P01LC768,lung-M83-P01LC768
SAMPLE_1337,lung-P01LC773,lung-M181-P01LC773
SAMPLE_1338,lung-P01LC774,lung-M98-P01LC774
SAMPLE_1339,lung-P01LC781,lung-M37-P01LC781
SAMPLE_1340,lung-P01LC782,lung-M181-P01LC782
SAMPLE_1341,lung-P01LC784,lung-M234-P01LC784
SAMPLE_1342,lung-P01LC785,lung-M248-P01LC785
SAMPLE_1343,lung-P01LC786,lung-M195-P01LC786
SAMPLE_1344,lung-P01LC789,lung-M248-P01LC789
SAMPLE_1345,lung-P01LC793,lung-M178-P01LC793
SAMPLE_1346,lung-P01LC796,lung-M230-P01LC796
SAMPLE_1347,lung-P01LC797,lung-M188-P01LC797
SAMPLE_1348,lung-P01LC798,lung-M225-P01LC798
SAMPLE_1349,lung-P01LC799,lung-M225-P01LC799
SAMPLE_1350,lung-P01LC800,lung-M244-P01LC800
SAMPLE_1351,lung-P01LC801,lung-M200-P01LC801
SAMPLE_1352,lung-P01LC802,lung-M244-P01LC802
SAMPLE_1353,lung-P01LC803,lung-M234-P01LC803
SAMPLE_1354,lung-P01LC804,lung-M221-P01LC804
SAMPLE_1355,lung-P01LC805,lung-M220-P01LC805
SAMPLE_1356,lung-P01LC807,lung-M190-P01LC807
SAMPLE_1357,lung-P01LC810,lung-M249-P01LC810
SAMPLE_1358,lung-P01LC811,lung-M249-P01LC811
SAMPLE_1359,lung-P01LC812,lung-M234-P01LC812
SAMPLE_1360,lung-P01LC813,lung-M182-P01LC813
SAMPLE_1361,lung-P01LC815,lung-M233-P01LC815
SAMPLE_1362,lung-P01LC818,lung-M219-P01LC818
SAMPLE_1363,lung-P01LC820,lung-M230-P01LC820
SAMPLE_1364,lung-P01LC821,lung-M182-P01LC821
SAMPLE_1365,lung-P01LC825,lung-M249-P01LC825
SAMPLE_1366,lung-P01LC826,lung-M226-P01LC826
SAMPLE_1367,lung-P01LC829,lung-M198-P01LC829
SAMPLE_1368,lung-P01LC830,lung-M249-P01LC830
SAMPLE_1369,lung-P01LC831,lung-M249-P01LC831
SAMPLE_1370,lung-P01LC833,lung-M187-P01LC833
SAMPLE_1371,lung-P01LC834,lung-M182-P01LC834
SAMPLE_1372,lung-P01LC836,lung-M184-P01LC836
SAMPLE_1373,lung-P01LC838,lung-M181-P01LC838
SAMPLE_1374,lung-P01LC840,lung-M230-P01LC840
SAMPLE_1375,lung-P01LC841,lung-M237-P01LC841
SAMPLE_1376,lung-P01LC845,lung-M187-P01LC845
SAMPLE_1377,lung-P01LC846,lung-M244-P01LC846
SAMPLE_1378,lung-P01LC848,lung-M179-P01LC848
SAMPLE_1379,lung-P01LC850,lung-M196-P01LC850
SAMPLE_1380,lung-P01LC852,lung-M194-P01LC852
SAMPLE_1381,lung-P01LC853,lung-M212-P01LC853
SAMPLE_1382,lung-P01LC855,lung-M230-P01LC855
SAMPLE_1383,lung-P01LC857,lung-M176-P01LC857
SAMPLE_1384,lung-P01LC858,lung-M224-P01LC858
SAMPLE_1385,lung-P01LC864,lung-M178-P01LC864
SAMPLE_1386,lung-P01LC865,lung-M184-P01LC865
SAMPLE_1387,lung-P01LC866,lung-M214-P01LC866
SAMPLE_1388,lung-P01LC869,lung-M225-P01LC869
SAMPLE_1389,lung-P01LC872,lung-M195-P01LC872
SAMPLE_1390,lung-P01LC874,lung-M190-P01LC874
SAMPLE_1391,lung-P01LC875,lung-M193-P01LC875
SAMPLE_1392,lung-P01LC877,lung-M180-P01LC877
SAMPLE_1393,lung-P01LC882,lung-M183-P01LC882
SAMPLE_1394,lung-P01LC883,lung-M249-P01LC883
SAMPLE_1395,lung-P01LC884,lung-M185-P01LC884
SAMPLE_1396,lung-P01LC889,lung-M181-P01LC889
SAMPLE_1397,lung-P01LC890,lung-M188-P01LC890
SAMPLE_1398,lung-P01LC891,lung-M252-P01LC891
SAMPLE_1399,lung-P01LC895,lung-M220-P01LC895
SAMPLE_1400,lung-P01LC897,lung-M249-P01LC897
SAMPLE_1401,lung-P01LC899,lung-M186-P01LC899
SAMPLE_1402,lung-P01LC901,lung-M230-P01LC901
SAMPLE_1403,lung-P01LC904,lung-M181-P01LC904
SAMPLE_1404,lung-P01LC907,lung-M196-P01LC907
SAMPLE_1405,lung-P01LC908,lung-M3-P01LC908
SAMPLE_1406,lung-P01LC910,lung-M206-P01LC910
SAMPLE_1407,lung-P01LC911,lung-M139-P01LC911
SAMPLE_1408,lung-P01LC912,lung-M196-P01LC912
SAMPLE_1409,lung-P01LC914,lung-M220-P01LC914
SAMPLE_1410,lung-P01LC917,lung-M244-P01LC917
SAMPLE_1411,lung-P01LC920,lung-M231-P01LC920
SAMPLE_1412,lung-P01LC921,lung-M195-P01LC921
SAMPLE_1413,lung-P01LC923,lung-M184-P01LC923
SAMPLE_1414,lung-P01LC924,lung-M230-P01LC924
SAMPLE_1415,lung-P01LC928,lung-M224-P01LC928
SAMPLE_1416,lung-P01LC929,lung-M178-P01LC929
SAMPLE_1417,lung-P01LC931,lung-M216-P01LC931
SAMPLE_1418,lung-P01LC932,lung-M223-P01LC932
SAMPLE_1419,lung-P01LC937,lung-M188-P01LC937
SAMPLE_1420,lung-P01LC939,lung-M193-P01LC939
SAMPLE_1421,lung-P01LC942,lung-M164-P01LC942
SAMPLE_1422,lung-P01LC943,lung-M230-P01LC943
SAMPLE_1423,lung-P01LC946,lung-M179-P01LC946
SAMPLE_1424,lung-P01LC947,lung-M3-P01LC947
SAMPLE_1425,lung-P01LC950,lung-M200-P01LC950
SAMPLE_1426,lung-P01LC952,lung-M205-P01LC952
SAMPLE_1427,lung-P01LC954,lung-M98-P01LC954
SAMPLE_1428,lung-P01LC955,lung-M187-P01LC955
SAMPLE_1429,lung-P01LC958,lung-M219-P01LC958
SAMPLE_1430,lung-P01LC959,lung-M172-P01LC959
SAMPLE_1431,lung-P01LC960,lung-M184-P01LC960
SAMPLE_1432,lung-P01LC965,lung-M227-P01LC965
SAMPLE_1433,lung-P01LC969,lung-M189-P01LC969
SAMPLE_1434,lung-P01LC970,lung-M29-P01LC970
SAMPLE_1435,lung-P01LC974,lung-M173-P01LC974
SAMPLE_1436,lung-P01LC975,lung-M222-P01LC975
SAMPLE_1437,lung-P01LC977,lung-M172-P01LC977
SAMPLE_1438,lung-P01LC985,lung-M5-P01LC985
SAMPLE_1439,lung-P01LC986,lung-M249-P01LC986
SAMPLE_1440,lung-P01LC992,lung-M196-P01LC992
SAMPLE_1441,lung-P01LD002,lung-M214-P01LD002
SAMPLE_1442,lung-P01LD003,lung-M232-P01LD003
SAMPLE_1443,lung-P01LD004,lung-M198-P01LD004
SAMPLE_1444,lung-P01LD005,lung-M214-P01LD005
SAMPLE_1445,lung-P01LD006,lung-M142-P01LD006
SAMPLE_1446,lung-P01LD007,lung-M249-P01LD007
SAMPLE_1447,lung-P01LD008,lung-M206-P01LD008
SAMPLE_1448,lung-P01LD012,lung-M213-P01LD012
SAMPLE_1449,lung-P01LD013,lung-M206-P01LD013
SAMPLE_1450,lung-P01LD018,lung-M186-P01LD018
SAMPLE_1451,lung-P01LD019,lung-M244-P01LD019
SAMPLE_1452,lung-P01LD025,lung-M36-P01LD025
SAMPLE_1453,lung-P01LD030,lung-M250-P01LD030
SAMPLE_1454,lung-P01LD031,lung-M228-P01LD031
SAMPLE_1455,lung-P01LD035,lung-M141-P01LD035
SAMPLE_1456,lung-P01LD037,lung-M214-P01LD037
SAMPLE_1457,lung-P01LD043,lung-M229-P01LD043
SAMPLE_1458,lung-P01LD044,lung-M182-P01LD044
SAMPLE_1459,lung-P01LD046,lung-M233-P01LD046
SAMPLE_1460,lung-P01LD047,lung-M4-P01LD047
SAMPLE_1461,lung-P01LD050,lung-M226-P01LD050
SAMPLE_1462,lung-P01LD051,lung-M46-P01LD051
SAMPLE_1463,lung-P01LD052,lung-M179-P01LD052
SAMPLE_1464,lung-P01LD053,lung-M182-P01LD053
SAMPLE_1465,lung-P01LD054,lung-M181-P01LD054
SAMPLE_1466,lung-P01LD056,lung-M244-P01LD056
SAMPLE_1467,lung-P01LD057,lung-M182-P01LD057
SAMPLE_1468,lung-P01LD059,lung-M29-P01LD059
SAMPLE_1469,lung-P01LD061,lung-M212-P01LD061
SAMPLE_1470,lung-P01LD063,lung-M250-P01LD063
SAMPLE_1471,lung-P01LD064,lung-M244-P01LD064
SAMPLE_1472,lung-P01LD065,lung-M226-P01LD065
SAMPLE_1473,lung-P01LD067,lung-M231-P01LD067
SAMPLE_1474,lung-P01LD069,lung-M179-P01LD069
SAMPLE_1475,lung-P01LD076,lung-M212-P01LD076
SAMPLE_1476,lung-P01LD077,lung-M142-P01LD077
SAMPLE_1477,lung-P01LD079,lung-M244-P01LD079
SAMPLE_1478,lung-P01LD081,lung-M228-P01LD081
SAMPLE_1479,lung-P01LD083,lung-M235-P01LD083
SAMPLE_1480,lung-P01LD085,lung-M206-P01LD085
SAMPLE_1481,lung-P01LD088,lung-M244-P01LD088
SAMPLE_1482,lung-P01LD090,lung-M198-P01LD090
SAMPLE_1483,lung-P01LD093,lung-M250-P01LD093
SAMPLE_1484,lung-P01LD094,lung-M111-P01LD094
SAMPLE_1485,lung-P01LD095,lung-M196-P01LD095
SAMPLE_1486,lung-P01LD096,lung-M221-P01LD096
SAMPLE_1487,lung-P01LD097,lung-M182-P01LD097
SAMPLE_1488,lung-P01LD098,lung-M186-P01LD098
SAMPLE_1489,lung-P01LD099,lung-M221-P01LD099
SAMPLE_1490,lung-P01LD104,lung-M98-P01LD104
SAMPLE_1491,lung-P01LD114,lung-M227-P01LD114
SAMPLE_1492,lung-P01LD116,lung-M180-P01LD116
SAMPLE_1493,lung-P01LD119,lung-M230-P01LD119
SAMPLE_1494,lung-P01LD122,lung-M250-P01LD122
SAMPLE_1495,lung-P01LD127,lung-M228-P01LD127
SAMPLE_1496,lung-P01LD134,lung-M97-P01LD134
SAMPLE_1497,lung-P01LD136,lung-M177-P01LD136
SAMPLE_1498,lung-P01LD143,lung-M111-P01LD143
SAMPLE_1499,lung-P01LD148,lung-M250-P01LD148
SAMPLE_1500,lung-P01LD150,lung-M221-P01LD150
SAMPLE_1501,lung-P01LD155,lung-M228-P01LD155
SAMPLE_1502,lung-P01LD157,lung-M226-P01LD157
SAMPLE_1503,lung-P01LD158,lung-M178-P01LD158
SAMPLE_1504,lung-P01LD159,lung-M186-P01LD159
SAMPLE_1505,lung-P01LD160,lung-M91-P01LD160
SAMPLE_1506,lung-P01LD166,lung-M111-P01LD166
SAMPLE_1507,lung-P01LD169,lung-M94-P01LD169
SAMPLE_1508,lung-P01LD170,lung-M229-P01LD170
SAMPLE_1509,lung-P01LD174,lung-M250-P01LD174
SAMPLE_1510,lung-P01LD176,lung-M208-P01LD176
SAMPLE_1511,lung-P01LD180,lung-M228-P01LD180
SAMPLE_1512,lung-P01LD181,lung-M142-P01LD181
SAMPLE_1513,lung-P01LD185,lung-M187-P01LD185
SAMPLE_1514,lung-P01LD190,lung-M111-P01LD190
SAMPLE_1515,lung-P01LD191,lung-M225-P01LD191
SAMPLE_1516,lung-P01LD193,lung-M163-P01LD193
SAMPLE_1517,lung-P01LD200,lung-M91-P01LD200
SAMPLE_1518,lung-P01LD206,lung-M89-P01LD206
SAMPLE_1519,lung-P01LD228,lung-M109-P01LD228
SAMPLE_1520,lung-P01LD236,lung-M95-P01LD236
SAMPLE_1521,lung-P01LD267,lung-M321-P01LD267
SAMPLE_1522,lung-P01LD294,lung-M91-P01LD294
SAMPLE_1523,lung-P01LD295,lung-M108-P01LD295
SAMPLE_1524,lung-P01LD300,lung-M83-P01LD300
SAMPLE_1525,lung-P01LD301,lung-M237-P01LD301
SAMPLE_1526,lung-P01LD310,lung-M317-P01LD310
SAMPLE_1527,lung-P01LD311,lung-M86-P01LD311
SAMPLE_1528,lung-P01LD325,lung-M87-P01LD325
SAMPLE_1529,lung-P01LD330,lung-M87-P01LD330
SAMPLE_1530,lung-P01LD333,lung-M83-P01LD333
SAMPLE_1531,lung-P01LD366,lung-M91-P01LD366
SAMPLE_1532,lung-P01LD435,lung-M87-P01LD435
SAMPLE_1533,lung-P01LD437,lung-M130-P01LD437
SAMPLE_1534,lung-P01LD444,lung-M108-P01LD444
SAMPLE_1535,lung-P01LD458,lung-M1-P01LD458
SAMPLE_1536,lung-P01LD474,lung-M97-P01LD474
SAMPLE_1537,lung-P01LD480,lung-M229-P01LD480
SAMPLE_1538,lung-P01LD485,lung-M97-P01LD485
SAMPLE_1539,lung-P01LD487,lung-M328-P01LD487
SAMPLE_1540,lung-P01LD514,lung-M86-P01LD514
SAMPLE_1541,lung-P01LD515,lung-M86-P01LD515
SAMPLE_1542,lung-P01LD528,lung-M323-P01LD528
SAMPLE_1543,lung-P01LD562,lung-M93-P01LD562
SAMPLE_1544,lung-P01LD571,lung-M83-P01LD571
SAMPLE_1545,lung-P01LD580,lung-M87-P01LD580
SAMPLE_1546,lung-P01LD587,lung-M92-P01LD587
SAMPLE_1547,lung-P01LD595,lung-M88-P01LD595
SAMPLE_1548,lung-P01LD596,lung-M321-P01LD596
SAMPLE_1549,lung-P01LD607,lung-M237-P01LD607
SAMPLE_1550,lung-P01LD608,lung-M87-P01LD608
SAMPLE_1551,lung-P01LD642,lung-M86-P01LD642
SAMPLE_1552,lung-P01LD668,lung-M107-P01LD668
SAMPLE_1553,lung-P01LD685,lung-M108-P01LD685
SAMPLE_1554,lung-P01LD690,lung-M86-P01LD690
SAMPLE_1555,lung-P01LD698,lung-M85-P01LD698
SAMPLE_1556,lung-P01LD699,lung-M87-P01LD699
SAMPLE_1557,lung-P01LD707,lung-M86-P01LD707
SAMPLE_1558,lung-P01LD735,lung-M85-P01LD735
SAMPLE_1559,lung-P01LD745,lung-M90-P01LD745
SAMPLE_1560,lung-P01LD748,lung-M107-P01LD748
SAMPLE_1561,lung-P01LD760,lung-M327-P01LD760
SAMPLE_1562,lung-P01LD763,lung-M320-P01LD763
SAMPLE_1563,lung-P01LD774,lung-M328-P01LD774
SAMPLE_1564,lung-P01LD782,lung-M318-P01LD782
SAMPLE_1565,lung-P01LD793,lung-M326-P01LD793
SAMPLE_1566,lung-P01LD797,lung-M88-P01LD797
SAMPLE_1567,lung-P01LD802,lung-M99-P01LD802
SAMPLE_1568,lung-P01LD824,lung-M108-P01LD824
SAMPLE_1569,lung-P01LD831,lung-M317-P01LD831
SAMPLE_1570,lung-P01LD838,lung-M327-P01LD838
SAMPLE_1571,lung-P01LD840,lung-M324-P01LD840
SAMPLE_1572,lung-P01LD842,lung-M88-P01LD842
SAMPLE_1573,lung-P01LD843,lung-M88-P01LD843
SAMPLE_1574,lung-P01LD851,lung-M324-P01LD851
SAMPLE_1575,lung-P01LD855,lung-M90-P01LD855
SAMPLE_1576,lung-P01LD870,lung-M90-P01LD870
SAMPLE_1577,lung-P01LD873,lung-M90-P01LD873
SAMPLE_1578,lung-P01LD880,lung-M85-P01LD880
SAMPLE_1579,lung-P01LD883,lung-M327-P01LD883
SAMPLE_1580,lung-P01LD885,lung-M322-P01LD885
SAMPLE_1581,lung-P01LD887,lung-M89-P01LD887
SAMPLE_1582,lung-P01LD895,lung-M316-P01LD895
SAMPLE_1583,lung-P01LD908,lung-M323-P01LD908
SAMPLE_1584,lung-P01LD910,lung-M311-P01LD910
SAMPLE_1585,lung-P01LD913,lung-M322-P01LD913
SAMPLE_1586,lung-P01LD914,lung-M328-P01LD914
SAMPLE_1587,lung-P01LD921,lung-M329-P01LD921
SAMPLE_1588,lung-P01LD925,lung-M316-P01LD925
SAMPLE_1589,lung-P01LD928,lung-M325-P01LD928
SAMPLE_1590,lung-P01LD931,lung-M253-P01LD931
SAMPLE_1591,lung-P01LD936,lung-M318-P01LD936
SAMPLE_1592,lung-P01LD943,lung-M329-P01LD943
SAMPLE_1593,lung-P01LD948,lung-M324-P01LD948
SAMPLE_1594,lung-P01LD950,lung-M329-P01LD950
SAMPLE_1595,lung-P01LD953,lung-M313-M313-P01LD953
SAMPLE_1596,lung-P01LD956,lung-M318-P01LD956
SAMPLE_1597,lung-P01LD959,lung-M92-P01LD959
SAMPLE_1598,lung-P01LD961,lung-M317-P01LD961
SAMPLE_1599,lung-P01LD964,lung-M322-P01LD964
SAMPLE_1600,lung-P01LD968,lung-M311-P01LD968
SAMPLE_1601,lung-P01LD974,lung-M92-P01LD974
SAMPLE_1602,lung-P01LD978,lung-M327-P01LD978
SAMPLE_1603,lung-P01LD987,lung-M83-P01LD987
SAMPLE_1604,lung-P01LD993,lung-M328-P01LD993
SAMPLE_1605,lung-P01LD996,lung-M95-P01LD996
SAMPLE_1606,lung-P01LE044,lung-M83-P01LE044
SAMPLE_1607,lung-P01LE060,lung-M84-P01LE060
SAMPLE_1608,lung-P01LE064,lung-M83-P01LE064
SAMPLE_1609,lung-P01LE102,lung-M321-P01LE102
SAMPLE_1610,lung-P01LE126,lung-M86-P01LE126
SAMPLE_1611,lung-P01LE161,lung-M92-P01LE161
SAMPLE_1612,lung-P01LE169,lung-M319-P01LE169
SAMPLE_1613,lung-P01LE170,lung-M87-P01LE170
SAMPLE_1614,lung-P01LE177,lung-M83-P01LE177
SAMPLE_1615,lung-P01LE182,lung-M85-P01LE182
SAMPLE_1616,lung-P01LE183,lung-M83-P01LE183
SAMPLE_1617,lung-P01LE189,lung-M84-P01LE189
SAMPLE_1618,lung-P01LE203,lung-M86-P01LE203
SAMPLE_1619,lung-P01LE211,lung-M322-P01LE211
SAMPLE_1620,lung-P01LE225,lung-M312-M312-P01LE225
SAMPLE_1621,lung-P01LE236,lung-M325-P01LE236
SAMPLE_1622,lung-P01LE245,lung-M237-P01LE245
SAMPLE_1623,lung-P01LE247,lung-M313-M313-P01LE247
SAMPLE_1624,lung-P01LE255,lung-M328-P01LE255
SAMPLE_1625,lung-P01LE257,lung-M91-P01LE257
SAMPLE_1626,lung-P01LE261,lung-M324-P01LE261
SAMPLE_1627,lung-P01LE262,lung-M315-P01LE262
SAMPLE_1628,lung-P01LE269,lung-M329-P01LE269
SAMPLE_1629,lung-P01LE277,lung-M325-P01LE277
SAMPLE_1630,lung-P01LE279,lung-M324-P01LE279
SAMPLE_1631,lung-P01LE281,lung-M325-P01LE281
SAMPLE_1632,lung-P01LE282,lung-M325-P01LE282
SAMPLE_1633,lung-P01LE284,lung-M325-P01LE284
SAMPLE_1634,lung-P01LE285,lung-M319-P01LE285
SAMPLE_1635,lung-P01LE286,lung-M323-P01LE286
SAMPLE_1636,lung-P01LE299,lung-M95-P01LE299
SAMPLE_1637,lung-P01LE301,lung-M311-P01LE301
SAMPLE_1638,lung-P01LE305,lung-M327-P01LE305
SAMPLE_1639,lung-P01LE306,lung-M95-P01LE306
SAMPLE_1640,lung-P01LE307,lung-M323-P01LE307
SAMPLE_1641,lung-P01LE309,lung-M95-P01LE309
SAMPLE_1642,lung-P01LE314,lung-M314-P01LE314
SAMPLE_1643,lung-P01LE316,lung-M329-P01LE316
SAMPLE_1644,lung-P01LE323,lung-M311-P01LE323
SAMPLE_1645,lung-P01LE330,lung-M85-P01LE330
SAMPLE_1646,lung-P01LE351,lung-M84-P01LE351
SAMPLE_1647,lung-P01LE367,lung-M89-P01LE367
SAMPLE_1648,lung-P01LE375,lung-M90-P01LE375
SAMPLE_1649,lung-P01LE380,lung-M95-P01LE380
SAMPLE_1650,lung-P01LE397,lung-M324-P01LE397
SAMPLE_1651,lung-P01LE400,lung-M88-P01LE400
SAMPLE_1652,lung-P01LE424,lung-M89-P01LE424
SAMPLE_1653,lung-P01LE485,lung-M84-P01LE485
SAMPLE_1654,lung-P01LE537,lung-M109-P01LE537
SAMPLE_1655,lung-P01LE549,lung-M250-P01LE549
SAMPLE_1656,lung-P01LE580,lung-M108-P01LE580
SAMPLE_1657,lung-P01LE582,lung-M93-P01LE582
SAMPLE_1658,lung-P01LE585,lung-M84-P01LE585
SAMPLE_1659,lung-P01LE654,lung-M85-P01LE654
SAMPLE_1660,lung-P01LE661,lung-M88-P01LE661
SAMPLE_1661,lung-P01LE678,lung-M94-P01LE678
SAMPLE_1662,lung-P01LE679,lung-M108-P01LE679
SAMPLE_1663,lung-P01LE682,lung-M85-P01LE682
SAMPLE_1664,lung-P01LE708,lung-M84-P01LE708
SAMPLE_1665,lung-P01LE734,lung-M107-P01LE734
SAMPLE_1666,lung-P01LE742,lung-M107-P01LE742
SAMPLE_1667,lung-P01LE750,lung-M90-P01LE750
SAMPLE_1668,lung-P01LE778,lung-M108-P01LE778
SAMPLE_1669,lung-P01LE784,lung-M108-P01LE784
SAMPLE_1670,lung-P01LE794,lung-M322-P01LE794
SAMPLE_1671,lung-P01LE815,lung-M98-P01LE815
SAMPLE_1672,lung-P01LE819,lung-M108-P01LE819
SAMPLE_1673,lung-P01LE828,lung-M90-P01LE828
SAMPLE_1674,lung-P01LE834,lung-M97-P01LE834
SAMPLE_1675,lung-P01LE836,lung-M93-P01LE836
SAMPLE_1676,lung-P01LE840,lung-M98-P01LE840
SAMPLE_1677,lung-P01LE841,lung-M93-P01LE841
SAMPLE_1678,lung-P03LA002,lung-M114-P03LA002
SAMPLE_1679,lung-P03LA003,lung-M124-P03LA003
SAMPLE_1680,lung-P03LA005,lung-M115-P03LA005
SAMPLE_1681,lung-P03LA006,lung-M113-P03LA006
SAMPLE_1682,lung-P03LA008,lung-M115-P03LA008
SAMPLE_1683,lung-P03LA009,lung-M125-P03LA009
SAMPLE_1684,lung-P03LA011,lung-M114-P03LA011
SAMPLE_1685,lung-P03LA013,lung-M257-P03LA013
SAMPLE_1686,lung-P03LA014,lung-M115-P03LA014
SAMPLE_1687,lung-P03LA016,lung-M114-P03LA016
SAMPLE_1688,lung-P03LA017,lung-M114-P03LA017
SAMPLE_1689,lung-P03LA018,lung-M125-P03LA018
SAMPLE_1690,lung-P03LA020,lung-M129-P03LA020
SAMPLE_1691,lung-P03LA022,lung-M129-P03LA022
SAMPLE_1692,lung-P03LA025,lung-M116-P03LA025
SAMPLE_1693,lung-P03LA026,lung-M114-P03LA026
SAMPLE_1694,lung-P03LA027,lung-M115-P03LA027
SAMPLE_1695,lung-P03LA028,lung-M128-P03LA028
SAMPLE_1696,lung-P03LA029,lung-M127-P03LA029
SAMPLE_1697,lung-P03LA034,lung-M129-P03LA034
SAMPLE_1698,lung-P03LA036,lung-M128-P03LA036
SAMPLE_1699,lung-P03LA037,lung-M114-P03LA037
SAMPLE_1700,lung-P03LA039,lung-M258-P03LA039
SAMPLE_1701,lung-P03LA041,lung-M125-P03LA041
SAMPLE_1702,lung-P03LA042,lung-M115-P03LA042
SAMPLE_1703,lung-P03LA044,lung-M257-P03LA044
SAMPLE_1704,lung-P03LA048,lung-M257-P03LA048
SAMPLE_1705,lung-P03LA049,lung-M257-P03LA049
SAMPLE_1706,lung-P03LA051,lung-M128-P03LA051
SAMPLE_1707,lung-P03LA052,lung-M113-P03LA052
SAMPLE_1708,lung-P03LA054,lung-M114-P03LA054
SAMPLE_1709,lung-P03LA057,lung-M128-P03LA057
SAMPLE_1710,lung-P03LA059,lung-M114-P03LA059
SAMPLE_1711,lung-P03LA060,lung-M115-P03LA060
SAMPLE_1712,lung-P03LA063,lung-M265-P03LA063
SAMPLE_1713,lung-P03LA065,lung-M265-P03LA065
SAMPLE_1714,lung-P03LA066,lung-M259-P03LA066
SAMPLE_1715,lung-P03LA067,lung-M265-P03LA067
SAMPLE_1716,lung-P03LA070,lung-M128-P03LA070
SAMPLE_1717,lung-P03LA072,lung-M113-P03LA072
SAMPLE_1718,lung-P03LA074,lung-M128-P03LA074
SAMPLE_1719,lung-P03LA075,lung-M128-P03LA075
SAMPLE_1720,lung-P03LA076,lung-M115-P03LA076
SAMPLE_1721,lung-P03LA077,lung-M265-P03LA077
SAMPLE_1722,lung-P03LA078,lung-M114-P03LA078
SAMPLE_1723,lung-P03LA080,lung-M264-P03LA080
SAMPLE_1724,lung-P03LA082,lung-M128-P03LA082
SAMPLE_1725,lung-P03LA083,lung-M129-P03LA083
SAMPLE_1726,lung-P03LA085,lung-M128-P03LA085
SAMPLE_1727,lung-P03LA086,lung-M264-P03LA086
SAMPLE_1728,lung-P03LA087,lung-M264-P03LA087
SAMPLE_1729,lung-P03LA088,lung-M115-P03LA088
SAMPLE_1730,lung-P03LA090,lung-M259-P03LA090
SAMPLE_1731,lung-P03LA096,lung-M266-P03LA096
SAMPLE_1732,lung-P03LA097,lung-M266-P03LA097
SAMPLE_1733,lung-P03LA102,lung-M115-P03LA102
SAMPLE_1734,lung-P03LA103,lung-M114-P03LA103
SAMPLE_1735,lung-P03LA154,lung-M266-P03LA154
SAMPLE_1736,lung-P03LA168,lung-M267-P03LA168
SAMPLE_1737,lung-P03LA174,lung-M266-P03LA174
SAMPLE_1738,lung-P03LA177,lung-M260-P03LA177
SAMPLE_1739,lung-P03LA180,lung-M266-P03LA180
SAMPLE_1740,lung-P03LA182,lung-M265-P03LA182
SAMPLE_1741,lung-P03LA185,lung-M267-P03LA185
SAMPLE_1742,lung-P03LA188,lung-M267-P03LA188
SAMPLE_1743,lung-P05EA015,lung-M263-P05EA015
SAMPLE_1744,lung-P05EA024,lung-M270-P05EA024
SAMPLE_1745,lung-P05EA036,lung-M262-P05EA036
SAMPLE_1746,lung-P05EA038,lung-M268-P05EA038
SAMPLE_1747,lung-P05EA054,lung-M263-P05EA054
SAMPLE_1748,lung-P05EA055,lung-M260-P05EA055
SAMPLE_1749,lung-P05EA056,lung-M267-P05EA056
SAMPLE_1750,lung-P05EA063,lung-M260-P05EA063
SAMPLE_1751,lung-P05EA065,lung-M270-P05EA065
SAMPLE_1752,lung-P05EA070,lung-M272-P05EA070
SAMPLE_1753,lung-P05EA071,lung-M263-P05EA071
SAMPLE_1754,lung-P05EA073,lung-M258-P05EA073
SAMPLE_1755,lung-P05EA074,lung-M263-P05EA074
SAMPLE_1756,lung-P05EA078,lung-M270-P05EA078
SAMPLE_1757,lung-P05EA079,lung-M268-P05EA079
SAMPLE_1758,lung-P05EA081,lung-M269-P05EA081
SAMPLE_1759,lung-P05EA083,lung-M258-P05EA083
SAMPLE_1760,lung-P05EA084,lung-M269-P05EA084
SAMPLE_1761,lung-P05EA085,lung-M262-P05EA085
SAMPLE_1762,lung-P05EA088,lung-M263-P05EA088
SAMPLE_1763,lung-P05EA089,lung-M258-P05EA089
SAMPLE_1764,lung-P05EA092,lung-M262-P05EA092
SAMPLE_1765,lung-P05EA096,lung-M262-P05EA096
SAMPLE_1766,lung-P05EA097,lung-M267-P05EA097
SAMPLE_1767,lung-P05EA098,lung-M260-P05EA098
SAMPLE_1768,lung-P05EA099,lung-M267-P05EA099
SAMPLE_1769,lung-P05EA100,lung-M261-P05EA100
SAMPLE_1770,lung-P05LA082,lung-M263-P05LA082
SAMPLE_1771,lung-P05MA043,lung-M269-P05MA043
SAMPLE_1772,lung-P07LA001,lung-M117-P07LA001
SAMPLE_1773,lung-P07LA002,lung-M156-P07LA002
SAMPLE_1774,lung-P07LA004,lung-M121-P07LA004
SAMPLE_1775,lung-P07LA005,lung-M82-P07LA005
SAMPLE_1776,lung-P07LA006,lung-M121-P07LA006
SAMPLE_1777,lung-P07LA007,lung-M111-P07LA007
SAMPLE_1778,lung-P07LA009,lung-M109-P07LA009
SAMPLE_1779,lung-P07LA011,lung-M113-P07LA011
SAMPLE_1780,lung-P07LA017,lung-M156-P07LA017
SAMPLE_1781,lung-P07LA018,lung-M141-P07LA018
SAMPLE_1782,lung-P07LA020,lung-M155-P07LA020
SAMPLE_1783,lung-P07LA021,lung-M112-P07LA021
SAMPLE_1784,lung-P07LA023,lung-M111-P07LA023
SAMPLE_1785,lung-P07LA024,lung-M153-P07LA024
SAMPLE_1786,lung-P07LA025,lung-M112-P07LA025
SAMPLE_1787,lung-P07LA026,lung-M121-P07LA026
SAMPLE_1788,lung-P07LA032,lung-M141-P07LA032
SAMPLE_1789,lung-P07LA035,lung-M155-P07LA035
SAMPLE_1790,lung-P07LA036,lung-M145-P07LA036
SAMPLE_1791,lung-P07LA037,lung-M141-P07LA037
SAMPLE_1792,lung-P07LA038,lung-M145-P07LA038
SAMPLE_1793,lung-P07LA039,lung-M155-P07LA039
SAMPLE_1794,lung-P07LA040,lung-M112-P07LA040
SAMPLE_1795,lung-P07LA041,lung-M112-P07LA041
SAMPLE_1796,lung-P07LA042,lung-M113-P07LA042
SAMPLE_1797,lung-P07LA043,lung-M112-P07LA043
SAMPLE_1798,lung-P07LA044,lung-M121-P07LA044
SAMPLE_1799,lung-P07LA045,lung-M112-P07LA045
SAMPLE_1800,lung-P07LA046,lung-M113-P07LA046
SAMPLE_1801,lung-P07LA047,lung-M139-P07LA047
SAMPLE_1802,lung-P07LA048,lung-M111-P07LA048
SAMPLE_1803,lung-P07LA049,lung-M112-P07LA049
SAMPLE_1804,lung-P07LA050,lung-M112-P07LA050
SAMPLE_1805,lung-P07LA053,lung-M155-P07LA053
SAMPLE_1806,lung-P07LA055,lung-M156-P07LA055
SAMPLE_1807,lung-P07LA056,lung-M156-P07LA056
SAMPLE_1808,lung-P07LA057,lung-M156-P07LA057
SAMPLE_1809,lung-P07LA058,lung-M117-P07LA058
SAMPLE_1810,lung-P07LA059,lung-M156-P07LA059
SAMPLE_1811,lung-P07LA061,lung-M117-P07LA061
SAMPLE_1812,lung-P07LA062,lung-M123-P07LA062
SAMPLE_1813,lung-P07LA063,lung-M156-P07LA063
SAMPLE_1814,lung-P07LA064,lung-M142-P07LA064
SAMPLE_1815,lung-P07LA065,lung-M156-P07LA065
SAMPLE_1816,lung-P07LA066,lung-M145-P07LA066
SAMPLE_1817,lung-P07LA067,lung-M112-P07LA067
SAMPLE_1818,lung-P07LA068,lung-M139-P07LA068
SAMPLE_1819,lung-P07LA069,lung-M141-P07LA069
SAMPLE_1820,lung-P07LA071,lung-M139-P07LA071
SAMPLE_1821,lung-P07LA072,lung-M145-P07LA072
SAMPLE_1822,lung-P07LA073,lung-M142-P07LA073
SAMPLE_1823,lung-P07LA100,lung-M117-P07LA100
SAMPLE_1824,lung-P07LA106,lung-M102-P07LA106
SAMPLE_1825,lung-P07LA113,lung-M123-P07LA113
SAMPLE_1826,lung-P07LA117,lung-M125-P07LA117
SAMPLE_1827,lung-P07LA118,lung-M125-P07LA118
SAMPLE_1828,lung-P07LA120,lung-M125-P07LA120
SAMPLE_1829,lung-P07LA121,lung-M125-P07LA121
SAMPLE_1830,lung-P07LA122,lung-M124-P07LA122
SAMPLE_1831,lung-P07LA123,lung-M126-P07LA123
SAMPLE_1832,lung-P07LA124,lung-M118-P07LA124
SAMPLE_1833,lung-P07LA126,lung-M82-P07LA126
SAMPLE_1834,lung-P07LA129,lung-M81-P07LA129
SAMPLE_1835,lung-P07LA130,lung-M82-P07LA130
SAMPLE_1836,lung-P07LA131,lung-M124-P07LA131
SAMPLE_1837,lung-P07LA132,lung-M81-P07LA132
SAMPLE_1838,lung-P07LA134,lung-M118-P07LA134
SAMPLE_1839,lung-P07LA136,lung-M102-P07LA136
SAMPLE_1840,lung-P07LA137,lung-M109-P07LA137
SAMPLE_1841,lung-P07LA139,lung-M120-P07LA139
SAMPLE_1842,lung-P07LA140,lung-M120-P07LA140
SAMPLE_1843,lung-P07LA141,lung-M117-P07LA141
SAMPLE_1844,lung-P07LA142,lung-M124-P07LA142
SAMPLE_1845,lung-P07LA143,lung-M117-P07LA143
SAMPLE_1846,lung-P07LA144,lung-M118-P07LA144
SAMPLE_1847,lung-P07LA145,lung-M138-P07LA145
SAMPLE_1848,lung-P07LA146,lung-M124-P07LA146
SAMPLE_1849,lung-P07LA148,lung-M118-P07LA148
SAMPLE_1850,lung-P07LA150,lung-M80-P07LA150
SAMPLE_1851,lung-P07LA151,lung-M138-P07LA151
SAMPLE_1852,lung-P07LA152,lung-M117-P07LA152
SAMPLE_1853,lung-P07LA153,lung-M102-P07LA153
SAMPLE_1854,lung-P07LA154,lung-M106-P07LA154
SAMPLE_1855,lung-P07LA156,lung-M102-P07LA156
SAMPLE_1856,lung-P07LA157,lung-M123-P07LA157
SAMPLE_1857,lung-P07LA158,lung-M109-P07LA158
SAMPLE_1858,lung-P07LA159,lung-M118-P07LA159
SAMPLE_1859,lung-P07LA162,lung-M118-P07LA162
SAMPLE_1860,lung-P07LA163,lung-M107-P07LA163
SAMPLE_1861,lung-P07LA165,lung-M119-P07LA165
SAMPLE_1862,lung-P07LA166,lung-M111-P07LA166
SAMPLE_1863,lung-P07LA168,lung-M82-P07LA168
SAMPLE_1864,lung-P07LA169,lung-M103-P07LA169
SAMPLE_1865,lung-P07LA170,lung-M109-P07LA170
SAMPLE_1866,lung-P07LA172,lung-M103-P07LA172
SAMPLE_1867,lung-P07LA173,lung-M109-P07LA173
SAMPLE_1868,lung-P07LA174,lung-M123-P07LA174
SAMPLE_1869,lung-P07LA175,lung-M110-P07LA175
SAMPLE_1870,lung-P07LA178,lung-M102-P07LA178
SAMPLE_1871,lung-P07LA179,lung-M117-P07LA179
SAMPLE_1872,lung-P07LA180,lung-M118-P07LA180
SAMPLE_1873,lung-P07LA182,lung-M106-P07LA182
SAMPLE_1874,lung-P07LA183,lung-M102-P07LA183
SAMPLE_1875,lung-P07LA184,lung-M103-P07LA184
SAMPLE_1876,lung-P07LA185,lung-M109-P07LA185
SAMPLE_1877,lung-P07LA186,lung-M103-P07LA186
SAMPLE_1878,lung-P07LA188,lung-M82-P07LA188
SAMPLE_1879,lung-P07LA189,lung-M118-P07LA189
SAMPLE_1880,lung-P07LA190,lung-M102-P07LA190
SAMPLE_1881,lung-P07LA192,lung-M116-P07LA192
SAMPLE_1882,lung-P07LA193,lung-M130-P07LA193
SAMPLE_1883,lung-P07LA194,lung-M106-P07LA194
SAMPLE_1884,lung-P07LA197,lung-M124-P07LA197
SAMPLE_1885,lung-P07LA198,lung-M126-P07LA198
SAMPLE_1886,lung-P07LA199,lung-M102-P07LA199
SAMPLE_1887,lung-P07LA200,lung-M126-P07LA200
SAMPLE_1888,lung-P07LA202,lung-M102-P07LA202
SAMPLE_1889,lung-P07LA203,lung-M138-P07LA203
SAMPLE_1890,lung-P07LA204,lung-M125-P07LA204
SAMPLE_1891,lung-P07LA205,lung-M126-P07LA205
SAMPLE_1892,lung-P07LA206,lung-M124-P07LA206
SAMPLE_1893,lung-P07LA415,lung-M82-P07LA415
SAMPLE_1894,lung-P07LA417,lung-M123-P07LA417
SAMPLE_1895,lung-P07LA420,lung-M116-P07LA420
SAMPLE_1896,lung-P07LA422,lung-M104-P07LA422
SAMPLE_1897,lung-P07LA423,lung-M121-P07LA423
SAMPLE_1898,lung-P07LA425,lung-M117-P07LA425
SAMPLE_1899,lung-P07LA426,lung-M104-P07LA426
SAMPLE_1900,lung-P07LA427,lung-M136-P07LA427
SAMPLE_1901,lung-P07LA428,lung-M103-P07LA428
SAMPLE_1902,lung-P07LA432,lung-M136-P07LA432
SAMPLE_1903,lung-P07LA434,lung-M101-P07LA434
SAMPLE_1904,lung-P07LA435,lung-M116-P07LA435
SAMPLE_1905,lung-P07LA436,lung-M101-P07LA436
SAMPLE_1906,lung-P07LA438,lung-M101-P07LA438
SAMPLE_1907,lung-P07LA447,lung-M136-P07LA447
SAMPLE_1908,lung-P07LA448,lung-M122-P07LA448
SAMPLE_1909,lung-P07LA459,lung-M82-P07LA459
SAMPLE_1910,lung-P07LA460,lung-M121-P07LA460
SAMPLE_1911,lung-P07LA461,lung-M82-P07LA461
SAMPLE_1912,lung-P07LA467,lung-M116-P07LA467
SAMPLE_1913,lung-P07LA469,lung-M136-P07LA469
SAMPLE_1914,lung-P07LA470,lung-M136-P07LA470
SAMPLE_1915,lung-P07LA471,lung-M125-P07LA471
SAMPLE_1916,lung-P07LA472,lung-M103-P07LA472
SAMPLE_1917,lung-P07LA475,lung-M121-P07LA475
SAMPLE_1918,lung-P07LA476,lung-M104-P07LA476
SAMPLE_1919,lung-P07LA477,lung-M103-P07LA477
SAMPLE_1920,lung-P07LA478,lung-M103-P07LA478
SAMPLE_1921,lung-P07LA482,lung-M101-P07LA482
SAMPLE_1922,lung-P07LA484,lung-M116-P07LA484
SAMPLE_1923,lung-P07LA485,lung-M104-P07LA485
SAMPLE_1924,lung-P07LA487,lung-M116-P07LA487
SAMPLE_1925,lung-P07LA488,lung-M101-P07LA488
SAMPLE_1926,lung-P07LA489,lung-M82-P07LA489
SAMPLE_1927,lung-P07LA491,lung-M101-P07LA491
SAMPLE_1928,lung-P07LA492,lung-M124-P07LA492
SAMPLE_1929,lung-P07LA494,lung-M123-P07LA494
SAMPLE_1930,lung-P07LA497,lung-M125-P07LA497
SAMPLE_1931,lung-P07LA498,lung-M123-P07LA498
SAMPLE_1932,lung-P07LA499,lung-M126-P07LA499
SAMPLE_1933,lung-P07LA500,lung-M103-P07LA500
SAMPLE_1934,lung-P07LA501,lung-M116-P07LA501
SAMPLE_1935,lung-P07LA506,lung-M103-P07LA506
SAMPLE_1936,lung-P07LA507,lung-M126-P07LA507
SAMPLE_1937,lung-P07LA512,lung-M116-P07LA512
SAMPLE_1938,lung-P07LA513,lung-M121-P07LA513
SAMPLE_1939,lung-P07LA836,lung-M312-M312-P07LA836
SAMPLE_1940,lung-P07LA841,lung-M312-M312-P07LA841
SAMPLE_1941,lung-P07LA846,lung-M324-P07LA846
SAMPLE_1942,lung-P07LA851,lung-M320-P07LA851
SAMPLE_1943,lung-P07LA858,lung-M315-P07LA858
SAMPLE_1944,lung-P07LA865,lung-M312-M312-P07LA865
SAMPLE_1945,lung-P07LA881,lung-M312-M312-P07LA881
SAMPLE_1946,lung-P07LA891,lung-M318-P07LA891
SAMPLE_1947,lung-P07LA898,lung-M314-P07LA898
SAMPLE_1948,lung-P07LA911,lung-M316-P07LA911
SAMPLE_1949,lung-P07LA922,lung-M314-P07LA922
SAMPLE_1950,lung-P07LB049,lung-M311-P07LB049
SAMPLE_1951,lung-P07LB077,lung-M311-P07LB077
SAMPLE_1952,lung-P07LB089,lung-M329-P07LB089
SAMPLE_1953,lung-P07LB099,lung-M324-P07LB099
SAMPLE_1954,lung-P07LB106,lung-M325-P07LB106
SAMPLE_1955,lung-P07LB108,lung-M321-P07LB108
SAMPLE_1956,lung-P07LB113,lung-M329-P07LB113
SAMPLE_1957,lung-P07LB117,lung-M327-P07LB117
SAMPLE_1958,lung-P07LB136,lung-M313-M313-P07LB136
SAMPLE_1959,lung-P07LB143,lung-M327-P07LB143
SAMPLE_1960,lung-P07LB149,lung-M314-P07LB149
SAMPLE_1961,lung-P07LB150,lung-M311-P07LB150
SAMPLE_1962,lung-P07LB155,lung-M326-P07LB155
SAMPLE_1963,lung-P07LB156,lung-M323-P07LB156
SAMPLE_1964,lung-P07LB157,lung-M328-P07LB157
SAMPLE_1965,lung-P07LB164,lung-M327-P07LB164
SAMPLE_1966,lung-P07LB165,lung-M311-P07LB165
SAMPLE_1967,lung-P07LB168,lung-M327-P07LB168
SAMPLE_1968,lung-P07LB169,lung-M327-P07LB169
SAMPLE_1969,lung-P07LB170,lung-M328-P07LB170
SAMPLE_1970,lung-P07LB171,lung-M329-P07LB171
SAMPLE_1971,lung-P07LB180,lung-M320-P07LB180
SAMPLE_1972,lung-P07LB183,lung-M315-P07LB183
SAMPLE_1973,lung-P07LB187,lung-M325-P07LB187
SAMPLE_1974,lung-P07LB189,lung-M313-M313-P07LB189
SAMPLE_1975,lung-P07LB190,lung-M326-P07LB190
SAMPLE_1976,lung-P07LB193,lung-M328-P07LB193
SAMPLE_1977,lung-P07LB198,lung-M324-P07LB198
SAMPLE_1978,lung-P07LB202,lung-M319-P07LB202
SAMPLE_1979,lung-P07LB203,lung-M315-P07LB203
SAMPLE_1980,lung-P07LB205,lung-M311-P07LB205
SAMPLE_1981,lung-P07LB208,lung-M316-P07LB208
SAMPLE_1982,lung-P07LB210,lung-M323-P07LB210
SAMPLE_1983,lung-P07LB215,lung-M318-P07LB215
SAMPLE_1984,lung-P07LB216,lung-M326-P07LB216
SAMPLE_1985,lung-P07LB219,lung-M313-M313-P07LB219
SAMPLE_1986,lung-P07LB220,lung-M329-P07LB220
SAMPLE_1987,lung-P07LB224,lung-M325-P07LB224
SAMPLE_1988,lung-P07LB231,lung-M313-M313-P07LB231
SAMPLE_1989,lung-P07LB234,lung-M323-P07LB234
SAMPLE_1990,lung-P07LB235,lung-M327-P07LB235
SAMPLE_1991,lung-P07LB236,lung-M327-P07LB236
SAMPLE_1992,lung-SF006,lung-M96-SF006
SAMPLE_1993,lung-SF021,lung-M98-SF021
SAMPLE_1994,lung-SF022,lung-M89-SF022
SAMPLE_1995,lung-SF036,lung-M99-SF036
SAMPLE_1996,lung-SF039,lung-M99-SF039
SAMPLE_1997,lung-SF050,lung-M101-SF050
SAMPLE_1998,lung-SF061,lung-M94-SF061
SAMPLE_1999,lung-SF069,lung-M95-SF069
SAMPLE_2000,lung-SF105,lung-M92-SF105
SAMPLE_2001,lung-SF112,lung-M100-SF112
SAMPLE_2002,lung-SF122,lung-M98-SF122
SAMPLE_2003,lung-SF124,lung-M100-SF124
SAMPLE_2004,lung-SF132,lung-M100-SF132
SAMPLE_2005,lung-SF134,lung-M100-SF134
SAMPLE_2006,lung-SF139,lung-M101-SF139
SAMPLE_2007,lung-SF141,lung-M92-SF141
SAMPLE_2008,lung-SF154,lung-M97-SF154
SAMPLE_2009,lung-SF170,lung-M94-SF170
SAMPLE_2010,lung-SF180,lung-M100-SF180
SAMPLE_2011,lung-SF184,lung-M101-SF184
SAMPLE_2012,lung-SF187,lung-M101-SF187
SAMPLE_2013,lung-SF188,lung-M90-SF188
SAMPLE_2014,lung-SF196,lung-M91-SF196
SAMPLE_2015,lung-SF197,lung-M100-SF197
SAMPLE_2016,lung-SF208,lung-M94-SF208
SAMPLE_2017,lung-SF216,lung-M96-SF216
SAMPLE_2018,lung-SF233,lung-M100-SF233
SAMPLE_2019,lung-SF241,lung-M100-SF241
SAMPLE_2020,lung-SF252,lung-M99-SF252
SAMPLE_2021,lung-SF253,lung-M99-SF253
SAMPLE_2022,lung-SF256,lung-M97-SF256
SAMPLE_2023,lung-SF257,lung-M99-SF257
SAMPLE_2024,lung-SF269,lung-M99-SF269
SAMPLE_2025,lung-SF280,lung-M99-SF280
SAMPLE_2026,lung-SF289,lung-M100-SF289
SAMPLE_2027,lung-SF300,lung-M91-SF300
SAMPLE_2028,lung-SF304,lung-M89-SF304
SAMPLE_2029,lung-SF310,lung-M96-SF310
SAMPLE_2030,lung-SF359,lung-M94-SF359
SAMPLE_2031,lung-SF361,lung-M96-SF361
SAMPLE_2032,lung-SF434,lung-M94-SF434
